timestamp,queue_name,depth,enqueue_rate,dequeue_rate,avg_wait_time_ms,environment
2026-02-14T17:05:37.386341,deploy_queue_stage,0,0,0,0,stage
2026-02-14T17:05:42.387985,deploy_queue_stage,0,0,0,0,stage
2026-02-14T17:05:47.389541,deploy_queue_stage,0,0,0,0,stage
2026-02-14T17:05:50.883532,deploy_queue_stage,0,0,0,0,stage
2026-02-14T17:05:52.391819,deploy_queue_stage,0,0,0,0,stage
2026-02-14T17:05:55.885536,deploy_queue_stage,0,0,0,0,stage
2026-02-14T17:05:57.393393,deploy_queue_stage,0,0,0,0,stage
2026-02-14T17:06:00.887870,deploy_queue_stage,0,0,0,0,stage
2026-02-14T17:06:02.397209,deploy_queue_stage,0,0,0,0,stage
2026-02-14T17:06:05.889872,deploy_queue_stage,0,0,0,0,stage
2026-02-14T17:06:07.400856,deploy_queue_stage,0,0,0,0,stage
2026-02-14T17:06:10.892672,deploy_queue_stage,0,0,0,0,stage
2026-02-14T17:06:12.403063,deploy_queue_stage,0,0,0,0,stage
2026-02-14T17:06:15.895549,deploy_queue_stage,0,0,0,0,stage
2026-02-14T17:06:17.406837,deploy_queue_stage,0,0,0,0,stage
2026-02-14T17:06:20.898147,deploy_queue_stage,0,0,0,0,stage
2026-02-14T17:06:22.409642,deploy_queue_stage,0,0,0,0,stage
2026-02-14T17:06:25.900301,deploy_queue_stage,0,0,0,0,stage
2026-02-14T17:06:27.411837,deploy_queue_stage,0,0,0,0,stage
2026-02-14T17:06:30.903892,deploy_queue_stage,0,0,0,0,stage
2026-02-14T17:06:32.415023,deploy_queue_stage,0,0,0,0,stage
2026-02-14T17:06:35.907037,deploy_queue_stage,0,0,0,0,stage
2026-02-14T17:06:37.417952,deploy_queue_stage,0,0,0,0,stage
2026-02-14T17:06:40.910158,deploy_queue_stage,0,0,0,0,stage
2026-02-14T17:06:42.420824,deploy_queue_stage,0,0,0,0,stage
2026-02-14T17:06:45.912084,deploy_queue_stage,0,0,0,0,stage
2026-02-14T17:06:47.423612,deploy_queue_stage,0,0,0,0,stage
2026-02-14T17:06:50.915202,deploy_queue_stage,0,0,0,0,stage
2026-02-14T17:06:52.426189,deploy_queue_stage,0,0,0,0,stage
2026-02-14T17:06:55.917397,deploy_queue_stage,0,0,0,0,stage
2026-02-14T17:06:57.428556,deploy_queue_stage,0,0,0,0,stage
2026-02-14T17:07:00.921324,deploy_queue_stage,0,0,0,0,stage
2026-02-14T17:07:02.430807,deploy_queue_stage,0,0,0,0,stage
2026-02-14T17:07:05.923384,deploy_queue_stage,0,0,0,0,stage
2026-02-14T17:07:07.432726,deploy_queue_stage,0,0,0,0,stage
2026-02-14T17:07:10.925178,deploy_queue_stage,0,0,0,0,stage
2026-02-14T17:07:12.434654,deploy_queue_stage,0,0,0,0,stage
2026-02-14T17:07:15.927166,deploy_queue_stage,0,0,0,0,stage
2026-02-14T17:07:17.437302,deploy_queue_stage,0,0,0,0,stage
2026-02-14T17:07:20.929669,deploy_queue_stage,0,0,0,0,stage
2026-02-14T17:07:22.440773,deploy_queue_stage,0,0,0,0,stage
2026-02-14T17:07:25.931448,deploy_queue_stage,0,0,0,0,stage
2026-02-14T17:07:27.443241,deploy_queue_stage,0,0,0,0,stage
2026-02-14T17:07:30.934936,deploy_queue_stage,0,0,0,0,stage
2026-02-14T17:07:32.446398,deploy_queue_stage,0,0,0,0,stage
2026-02-14T17:07:35.938248,deploy_queue_stage,0,0,0,0,stage
2026-02-14T17:07:37.449641,deploy_queue_stage,0,0,0,0,stage
2026-02-14T17:07:40.940052,deploy_queue_stage,0,0,0,0,stage
2026-02-14T17:07:42.452543,deploy_queue_stage,0,0,0,0,stage
2026-02-14T17:07:45.942390,deploy_queue_stage,0,0,0,0,stage
2026-02-14T17:07:47.455635,deploy_queue_stage,0,0,0,0,stage
2026-02-14T17:07:50.945365,deploy_queue_stage,0,0,0,0,stage
2026-02-14T17:07:52.458190,deploy_queue_stage,0,0,0,0,stage
2026-02-14T17:07:55.949910,deploy_queue_stage,0,0,0,0,stage
2026-02-14T17:07:57.460410,deploy_queue_stage,0,0,0,0,stage
2026-02-14T17:08:00.952354,deploy_queue_stage,0,0,0,0,stage
2026-02-14T17:08:02.470189,deploy_queue_stage,0,0,0,0,stage
2026-02-14T17:08:05.955235,deploy_queue_stage,0,0,0,0,stage
2026-02-14T17:08:07.479038,deploy_queue_stage,0,0,0,0,stage
2026-02-14T17:08:10.957953,deploy_queue_stage,0,0,0,0,stage
2026-02-14T17:08:12.482417,deploy_queue_stage,0,0,0,0,stage
2026-02-14T17:08:15.960954,deploy_queue_stage,0,0,0,0,stage
2026-02-14T17:08:17.485361,deploy_queue_stage,0,0,0,0,stage
2026-02-14T17:08:20.964621,deploy_queue_stage,0,0,0,0,stage
2026-02-14T17:08:22.488144,deploy_queue_stage,0,0,0,0,stage
2026-02-14T17:08:25.967081,deploy_queue_stage,0,0,0,0,stage
2026-02-14T17:08:27.490490,deploy_queue_stage,0,0,0,0,stage
2026-02-14T17:08:30.970242,deploy_queue_stage,0,0,0,0,stage
2026-02-14T17:08:32.493476,deploy_queue_stage,0,0,0,0,stage
2026-02-14T17:08:35.973266,deploy_queue_stage,0,0,0,0,stage
2026-02-14T17:08:37.495531,deploy_queue_stage,0,0,0,0,stage
2026-02-14T17:08:40.975851,deploy_queue_stage,0,0,0,0,stage
2026-02-14T17:08:42.501607,deploy_queue_stage,0,0,0,0,stage
2026-02-14T17:08:45.979223,deploy_queue_stage,0,0,0,0,stage
2026-02-14T17:08:47.505936,deploy_queue_stage,0,0,0,0,stage
2026-02-14T17:08:50.982401,deploy_queue_stage,0,0,0,0,stage
2026-02-14T17:08:52.508555,deploy_queue_stage,0,0,0,0,stage
2026-02-14T17:08:55.986000,deploy_queue_stage,0,0,0,0,stage
2026-02-14T17:08:57.511386,deploy_queue_stage,0,0,0,0,stage
2026-02-14T17:09:00.988418,deploy_queue_stage,0,0,0,0,stage
2026-02-14T17:09:02.513510,deploy_queue_stage,0,0,0,0,stage
2026-02-14T17:09:05.991136,deploy_queue_stage,0,0,0,0,stage
2026-02-14T17:09:07.515325,deploy_queue_stage,0,0,0,0,stage
2026-02-14T17:09:10.993656,deploy_queue_stage,0,0,0,0,stage
2026-02-14T17:09:12.517743,deploy_queue_stage,0,0,0,0,stage
2026-02-14T17:09:15.996210,deploy_queue_stage,0,0,0,0,stage
2026-02-14T17:09:17.521453,deploy_queue_stage,0,0,0,0,stage
2026-02-14T17:09:20.998752,deploy_queue_stage,0,0,0,0,stage
2026-02-14T17:09:22.523845,deploy_queue_stage,0,0,0,0,stage
2026-02-14T17:09:26.001930,deploy_queue_stage,0,0,0,0,stage
2026-02-14T17:09:27.526094,deploy_queue_stage,0,0,0,0,stage
2026-02-14T17:09:31.004755,deploy_queue_stage,0,0,0,0,stage
2026-02-14T17:09:32.528082,deploy_queue_stage,0,0,0,0,stage
2026-02-14T17:09:36.008752,deploy_queue_stage,0,0,0,0,stage
2026-02-14T17:09:37.530212,deploy_queue_stage,0,0,0,0,stage
2026-02-14T17:09:41.014700,deploy_queue_stage,0,0,0,0,stage
2026-02-14T17:09:42.532261,deploy_queue_stage,0,0,0,0,stage
2026-02-14T17:09:46.018964,deploy_queue_stage,0,0,0,0,stage
2026-02-14T17:09:47.534551,deploy_queue_stage,0,0,0,0,stage
2026-02-14T17:09:51.021602,deploy_queue_stage,0,0,0,0,stage
2026-02-14T17:09:52.536571,deploy_queue_stage,0,0,0,0,stage
2026-02-14T17:09:56.023915,deploy_queue_stage,0,0,0,0,stage
2026-02-14T17:09:57.538350,deploy_queue_stage,0,0,0,0,stage
2026-02-14T17:10:01.026639,deploy_queue_stage,0,0,0,0,stage
2026-02-14T17:10:02.540214,deploy_queue_stage,0,0,0,0,stage
2026-02-14T17:10:06.028607,deploy_queue_stage,0,0,0,0,stage
2026-02-14T17:10:07.541932,deploy_queue_stage,0,0,0,0,stage
2026-02-14T17:10:11.030617,deploy_queue_stage,0,0,0,0,stage
2026-02-14T17:10:12.544016,deploy_queue_stage,0,0,0,0,stage
2026-02-14T17:10:16.032708,deploy_queue_stage,0,0,0,0,stage
2026-02-14T17:10:17.546236,deploy_queue_stage,0,0,0,0,stage
2026-02-14T17:10:21.034881,deploy_queue_stage,0,0,0,0,stage
2026-02-14T17:10:22.548693,deploy_queue_stage,0,0,0,0,stage
2026-02-14T17:10:26.037077,deploy_queue_stage,0,0,0,0,stage
2026-02-14T17:10:27.550837,deploy_queue_stage,0,0,0,0,stage
2026-02-14T17:10:31.038999,deploy_queue_stage,0,0,0,0,stage
2026-02-14T17:10:32.553774,deploy_queue_stage,0,0,0,0,stage
2026-02-14T17:10:36.040968,deploy_queue_stage,0,0,0,0,stage
2026-02-14T17:10:37.557059,deploy_queue_stage,0,0,0,0,stage
2026-02-14T17:10:41.042888,deploy_queue_stage,0,0,0,0,stage
2026-02-14T17:10:42.559482,deploy_queue_stage,0,0,0,0,stage
2026-02-14T17:10:46.044904,deploy_queue_stage,0,0,0,0,stage
2026-02-14T17:10:47.560925,deploy_queue_stage,0,0,0,0,stage
2026-02-14T17:10:51.047349,deploy_queue_stage,0,0,0,0,stage
2026-02-14T17:10:52.563312,deploy_queue_stage,0,0,0,0,stage
2026-02-14T17:10:56.050021,deploy_queue_stage,0,0,0,0,stage
2026-02-14T17:10:57.565778,deploy_queue_stage,0,0,0,0,stage
2026-02-14T17:11:01.052155,deploy_queue_stage,0,0,0,0,stage
2026-02-14T17:11:02.568689,deploy_queue_stage,0,0,0,0,stage
2026-02-14T17:11:06.054349,deploy_queue_stage,0,0,0,0,stage
2026-02-14T17:11:07.571831,deploy_queue_stage,0,0,0,0,stage
2026-02-14T17:11:11.056485,deploy_queue_stage,0,0,0,0,stage
2026-02-14T17:11:12.573985,deploy_queue_stage,0,0,0,0,stage
2026-02-14T17:11:16.059013,deploy_queue_stage,0,0,0,0,stage
2026-02-14T17:11:17.576906,deploy_queue_stage,0,0,0,0,stage
2026-02-14T17:11:21.060836,deploy_queue_stage,0,0,0,0,stage
2026-02-14T17:11:22.578645,deploy_queue_stage,0,0,0,0,stage
2026-02-14T17:11:26.062921,deploy_queue_stage,0,0,0,0,stage
2026-02-14T17:11:27.580817,deploy_queue_stage,0,0,0,0,stage
2026-02-14T17:11:31.065103,deploy_queue_stage,0,0,0,0,stage
2026-02-14T17:11:32.584692,deploy_queue_stage,0,0,0,0,stage
2026-02-14T17:11:37.587766,deploy_queue_stage,0,0,0,0,stage
2026-02-14T17:11:42.590068,deploy_queue_stage,0,0,0,0,stage
2026-02-14T17:11:47.592519,deploy_queue_stage,0,0,0,0,stage
2026-02-14T17:11:51.121853,deploy_queue_stage,0,0,0,0,stage
2026-02-14T17:11:52.594365,deploy_queue_stage,0,0,0,0,stage
2026-02-14T17:11:56.124101,deploy_queue_stage,0,0,0,0,stage
2026-02-14T17:11:57.596977,deploy_queue_stage,0,0,0,0,stage
2026-02-14T17:12:01.125894,deploy_queue_stage,0,0,0,0,stage
2026-02-14T17:12:02.599968,deploy_queue_stage,0,0,0,0,stage
2026-02-14T17:12:06.127727,deploy_queue_stage,0,0,0,0,stage
2026-02-14T17:12:07.601430,deploy_queue_stage,0,0,0,0,stage
2026-02-14T17:12:11.130134,deploy_queue_stage,0,0,0,0,stage
2026-02-14T17:12:12.603766,deploy_queue_stage,0,0,0,0,stage
2026-02-14T17:12:16.132034,deploy_queue_stage,0,0,0,0,stage
2026-02-14T17:12:17.605525,deploy_queue_stage,0,0,0,0,stage
2026-02-14T17:12:21.134623,deploy_queue_stage,0,0,0,0,stage
2026-02-14T17:12:22.607124,deploy_queue_stage,0,0,0,0,stage
2026-02-14T17:12:26.137186,deploy_queue_stage,0,0,0,0,stage
2026-02-14T17:12:27.609385,deploy_queue_stage,0,0,0,0,stage
2026-02-14T17:12:31.141272,deploy_queue_stage,0,0,0,0,stage
2026-02-14T17:12:32.611766,deploy_queue_stage,0,0,0,0,stage
2026-02-14T17:12:36.143577,deploy_queue_stage,0,0,0,0,stage
2026-02-14T17:12:37.613844,deploy_queue_stage,0,0,0,0,stage
2026-02-14T17:12:41.147403,deploy_queue_stage,0,0,0,0,stage
2026-02-14T17:12:42.616380,deploy_queue_stage,0,0,0,0,stage
2026-02-14T17:12:46.149864,deploy_queue_stage,0,0,0,0,stage
2026-02-14T17:12:47.618614,deploy_queue_stage,0,0,0,0,stage
2026-02-14T17:12:51.153101,deploy_queue_stage,0,0,0,0,stage
2026-02-14T17:12:52.622036,deploy_queue_stage,0,0,0,0,stage
2026-02-14T17:12:56.155663,deploy_queue_stage,0,0,0,0,stage
2026-02-14T17:12:57.625319,deploy_queue_stage,0,0,0,0,stage
2026-02-14T17:13:01.158168,deploy_queue_stage,0,0,0,0,stage
2026-02-14T17:13:02.627331,deploy_queue_stage,0,0,0,0,stage
2026-02-14T17:13:06.160211,deploy_queue_stage,0,0,0,0,stage
2026-02-14T17:13:07.629818,deploy_queue_stage,0,0,0,0,stage
2026-02-14T17:13:11.162382,deploy_queue_stage,0,0,0,0,stage
2026-02-14T17:13:12.631657,deploy_queue_stage,0,0,0,0,stage
2026-02-14T17:13:16.164368,deploy_queue_stage,0,0,0,0,stage
2026-02-14T17:13:17.633565,deploy_queue_stage,0,0,0,0,stage
2026-02-14T17:13:21.166362,deploy_queue_stage,0,0,0,0,stage
2026-02-14T17:13:22.635936,deploy_queue_stage,0,0,0,0,stage
2026-02-14T17:13:26.168961,deploy_queue_stage,0,0,0,0,stage
2026-02-14T17:13:27.638025,deploy_queue_stage,0,0,0,0,stage
2026-02-14T17:13:31.170592,deploy_queue_stage,0,0,0,0,stage
2026-02-14T17:13:32.639549,deploy_queue_stage,0,0,0,0,stage
2026-02-14T17:13:36.172373,deploy_queue_stage,0,0,0,0,stage
2026-02-14T17:13:37.642209,deploy_queue_stage,0,0,0,0,stage
2026-02-14T17:13:41.174764,deploy_queue_stage,0,0,0,0,stage
2026-02-14T17:13:42.644245,deploy_queue_stage,0,0,0,0,stage
2026-02-14T17:13:46.177086,deploy_queue_stage,0,0,0,0,stage
2026-02-14T17:13:47.646016,deploy_queue_stage,0,0,0,0,stage
2026-02-14T17:13:51.180218,deploy_queue_stage,0,0,0,0,stage
2026-02-14T17:13:52.648320,deploy_queue_stage,0,0,0,0,stage
2026-02-14T17:13:56.182366,deploy_queue_stage,0,0,0,0,stage
2026-02-14T17:13:57.650759,deploy_queue_stage,0,0,0,0,stage
2026-02-14T17:14:01.184483,deploy_queue_stage,0,0,0,0,stage
2026-02-14T17:14:02.654234,deploy_queue_stage,0,0,0,0,stage
2026-02-14T17:14:06.186902,deploy_queue_stage,0,0,0,0,stage
2026-02-14T17:14:07.656710,deploy_queue_stage,0,0,0,0,stage
2026-02-14T17:14:11.188536,deploy_queue_stage,0,0,0,0,stage
2026-02-14T17:14:12.659046,deploy_queue_stage,0,0,0,0,stage
2026-02-14T17:14:16.190546,deploy_queue_stage,0,0,0,0,stage
2026-02-14T17:14:17.661466,deploy_queue_stage,0,0,0,0,stage
2026-02-14T17:14:21.192971,deploy_queue_stage,0,0,0,0,stage
2026-02-14T17:14:22.663173,deploy_queue_stage,0,0,0,0,stage
2026-02-14T17:14:26.194780,deploy_queue_stage,0,0,0,0,stage
2026-02-14T17:14:27.664933,deploy_queue_stage,0,0,0,0,stage
2026-02-14T17:14:31.197297,deploy_queue_stage,0,0,0,0,stage
2026-02-14T17:14:32.666685,deploy_queue_stage,0,0,0,0,stage
2026-02-14T17:14:36.199545,deploy_queue_stage,0,0,0,0,stage
2026-02-14T17:14:37.668581,deploy_queue_stage,0,0,0,0,stage
2026-02-14T17:14:41.201954,deploy_queue_stage,0,0,0,0,stage
2026-02-14T17:14:42.671214,deploy_queue_stage,0,0,0,0,stage
2026-02-14T17:14:46.204140,deploy_queue_stage,0,0,0,0,stage
2026-02-14T17:14:47.673877,deploy_queue_stage,0,0,0,0,stage
2026-02-14T17:14:51.206241,deploy_queue_stage,0,0,0,0,stage
2026-02-14T17:14:52.676485,deploy_queue_stage,0,0,0,0,stage
2026-02-14T17:14:56.208317,deploy_queue_stage,0,0,0,0,stage
2026-02-14T17:14:57.679708,deploy_queue_stage,0,0,0,0,stage
2026-02-14T17:15:01.211060,deploy_queue_stage,0,0,0,0,stage
2026-02-14T17:15:02.682791,deploy_queue_stage,0,0,0,0,stage
2026-02-14T17:15:06.214395,deploy_queue_stage,0,0,0,0,stage
2026-02-14T17:15:07.685078,deploy_queue_stage,0,0,0,0,stage
2026-02-14T17:15:11.220568,deploy_queue_stage,0,0,0,0,stage
2026-02-14T17:15:12.693039,deploy_queue_stage,0,0,0,0,stage
2026-02-14T17:15:16.229188,deploy_queue_stage,0,0,0,0,stage
2026-02-14T17:15:17.700132,deploy_queue_stage,0,0,0,0,stage
2026-02-14T17:15:21.230751,deploy_queue_stage,0,0,0,0,stage
2026-02-14T17:15:22.702221,deploy_queue_stage,0,0,0,0,stage
2026-02-14T17:15:26.232769,deploy_queue_stage,0,0,0,0,stage
2026-02-14T17:15:27.705205,deploy_queue_stage,0,0,0,0,stage
2026-02-14T17:15:31.234970,deploy_queue_stage,0,0,0,0,stage
2026-02-14T17:15:32.707730,deploy_queue_stage,0,0,0,0,stage
2026-02-14T17:15:36.236444,deploy_queue_stage,0,0,0,0,stage
2026-02-14T17:15:37.709399,deploy_queue_stage,0,0,0,0,stage
2026-02-14T17:15:41.238577,deploy_queue_stage,0,0,0,0,stage
2026-02-14T17:15:42.710972,deploy_queue_stage,0,0,0,0,stage
2026-02-14T17:15:46.240652,deploy_queue_stage,0,0,0,0,stage
2026-02-14T17:15:47.712744,deploy_queue_stage,0,0,0,0,stage
2026-02-14T17:15:52.714541,deploy_queue_stage,0,0,0,0,stage
2026-02-14T17:15:57.716995,deploy_queue_stage,0,0,0,0,stage
2026-02-14T17:16:02.718966,deploy_queue_stage,0,0,0,0,stage
2026-02-14T17:16:07.720847,deploy_queue_stage,0,0,0,0,stage
2026-02-14T17:16:12.722412,deploy_queue_stage,0,0,0,0,stage
2026-02-14T17:16:17.723847,deploy_queue_stage,0,0,0,0,stage
2026-02-14T17:16:22.725904,deploy_queue_stage,0,0,0,0,stage
2026-02-14T17:16:27.727069,deploy_queue_stage,0,0,0,0,stage
2026-02-14T17:16:32.728990,deploy_queue_stage,0,0,0,0,stage
2026-02-14T17:16:37.731312,deploy_queue_stage,0,0,0,0,stage
2026-02-14T17:16:42.733654,deploy_queue_stage,0,0,0,0,stage
2026-02-14T17:16:47.735005,deploy_queue_stage,0,0,0,0,stage
2026-02-14T17:16:52.736870,deploy_queue_stage,0,0,0,0,stage
2026-02-14T17:16:57.739079,deploy_queue_stage,0,0,0,0,stage
2026-02-14T17:17:02.741101,deploy_queue_stage,0,0,0,0,stage
2026-02-14T17:17:03.258969,deploy_queue_stage,0,0,0,0,stage
2026-02-14T17:17:07.744121,deploy_queue_stage,0,0,0,0,stage
2026-02-14T17:17:08.261059,deploy_queue_stage,0,0,0,0,stage
2026-02-14T17:17:12.747370,deploy_queue_stage,0,0,0,0,stage
2026-02-14T17:17:13.263100,deploy_queue_stage,0,0,0,0,stage
2026-02-14T17:17:17.749733,deploy_queue_stage,0,0,0,0,stage
2026-02-14T17:17:18.264714,deploy_queue_stage,0,0,0,0,stage
2026-02-14T17:17:22.751858,deploy_queue_stage,0,0,0,0,stage
2026-02-14T17:17:23.267264,deploy_queue_stage,0,0,0,0,stage
2026-02-14T17:17:27.754267,deploy_queue_stage,0,0,0,0,stage
2026-02-14T17:17:32.757191,deploy_queue_stage,0,0,0,0,stage
2026-02-14T17:17:37.758736,deploy_queue_stage,0,0,0,0,stage
2026-02-14T17:17:42.644302,deploy_queue_stage,0,0,0,0,stage
2026-02-14T17:17:42.760789,deploy_queue_stage,0,0,0,0,stage
2026-02-14T17:17:47.646943,deploy_queue_stage,0,0,0,0,stage
2026-02-14T17:17:47.763308,deploy_queue_stage,0,0,0,0,stage
2026-02-14T17:17:52.649010,deploy_queue_stage,0,0,0,0,stage
2026-02-14T17:17:52.765268,deploy_queue_stage,0,0,0,0,stage
2026-02-14T17:17:57.652581,deploy_queue_stage,0,0,0,0,stage
2026-02-14T17:17:57.767658,deploy_queue_stage,0,0,0,0,stage
2026-02-14T17:18:02.654864,deploy_queue_stage,0,0,0,0,stage
2026-02-14T17:18:02.770122,deploy_queue_stage,0,0,0,0,stage
2026-02-14T17:18:07.657053,deploy_queue_stage,0,0,0,0,stage
2026-02-14T17:18:07.772622,deploy_queue_stage,0,0,0,0,stage
2026-02-14T17:18:12.659057,deploy_queue_stage,0,0,0,0,stage
2026-02-14T17:18:12.774518,deploy_queue_stage,0,0,0,0,stage
2026-02-14T17:18:17.661228,deploy_queue_stage,0,0,0,0,stage
2026-02-14T17:18:17.776244,deploy_queue_stage,0,0,0,0,stage
2026-02-14T17:18:22.663992,deploy_queue_stage,0,0,0,0,stage
2026-02-14T17:18:22.777768,deploy_queue_stage,0,0,0,0,stage
2026-02-14T17:18:27.666082,deploy_queue_stage,0,0,0,0,stage
2026-02-14T17:18:27.779407,deploy_queue_stage,0,0,0,0,stage
2026-02-14T17:18:32.668589,deploy_queue_stage,0,0,0,0,stage
2026-02-14T17:18:32.780870,deploy_queue_stage,0,0,0,0,stage
2026-02-14T17:18:37.671115,deploy_queue_stage,0,0,0,0,stage
2026-02-14T17:18:37.783056,deploy_queue_stage,0,0,0,0,stage
2026-02-14T17:18:42.673160,deploy_queue_stage,0,0,0,0,stage
2026-02-14T17:18:42.785148,deploy_queue_stage,0,0,0,0,stage
2026-02-14T17:18:47.675319,deploy_queue_stage,0,0,0,0,stage
2026-02-14T17:18:47.787188,deploy_queue_stage,0,0,0,0,stage
2026-02-14T17:18:52.677565,deploy_queue_stage,0,0,0,0,stage
2026-02-14T17:18:52.788298,deploy_queue_stage,0,0,0,0,stage
2026-02-14T17:18:57.679724,deploy_queue_stage,0,0,0,0,stage
2026-02-14T17:18:57.789898,deploy_queue_stage,0,0,0,0,stage
2026-02-14T17:19:02.681987,deploy_queue_stage,0,0,0,0,stage
2026-02-14T17:19:02.791603,deploy_queue_stage,0,0,0,0,stage
2026-02-14T17:19:07.684190,deploy_queue_stage,0,0,0,0,stage
2026-02-14T17:19:07.793625,deploy_queue_stage,0,0,0,0,stage
2026-02-14T17:19:12.686163,deploy_queue_stage,0,0,0,0,stage
2026-02-14T17:19:12.796035,deploy_queue_stage,0,0,0,0,stage
2026-02-14T17:19:17.687864,deploy_queue_stage,0,0,0,0,stage
2026-02-14T17:19:17.797458,deploy_queue_stage,0,0,0,0,stage
2026-02-14T17:19:22.690934,deploy_queue_stage,0,0,0,0,stage
2026-02-14T17:19:22.798902,deploy_queue_stage,0,0,0,0,stage
2026-02-14T17:19:27.692884,deploy_queue_stage,0,0,0,0,stage
2026-02-14T17:19:27.800315,deploy_queue_stage,0,0,0,0,stage
2026-02-14T17:19:32.694559,deploy_queue_stage,0,0,0,0,stage
2026-02-14T17:19:32.802195,deploy_queue_stage,0,0,0,0,stage
2026-02-14T17:19:37.696461,deploy_queue_stage,0,0,0,0,stage
2026-02-14T17:19:37.804053,deploy_queue_stage,0,0,0,0,stage
2026-02-14T17:19:42.703043,deploy_queue_stage,0,0,0,0,stage
2026-02-14T17:19:42.805452,deploy_queue_stage,0,0,0,0,stage
2026-02-14T17:19:47.705206,deploy_queue_stage,0,0,0,0,stage
2026-02-14T17:19:47.806990,deploy_queue_stage,0,0,0,0,stage
2026-02-14T17:19:52.706869,deploy_queue_stage,0,0,0,0,stage
2026-02-14T17:19:52.808713,deploy_queue_stage,0,0,0,0,stage
2026-02-14T17:19:57.709603,deploy_queue_stage,0,0,0,0,stage
2026-02-14T17:19:57.810358,deploy_queue_stage,0,0,0,0,stage
2026-02-14T17:20:02.711490,deploy_queue_stage,0,0,0,0,stage
2026-02-14T17:20:02.812203,deploy_queue_stage,0,0,0,0,stage
2026-02-14T17:20:07.713482,deploy_queue_stage,0,0,0,0,stage
2026-02-14T17:20:07.813893,deploy_queue_stage,0,0,0,0,stage
2026-02-14T17:20:12.715964,deploy_queue_stage,0,0,0,0,stage
2026-02-14T17:20:12.815537,deploy_queue_stage,0,0,0,0,stage
2026-02-14T17:20:17.719189,deploy_queue_stage,0,0,0,0,stage
2026-02-14T17:20:17.816955,deploy_queue_stage,0,0,0,0,stage
2026-02-14T17:20:18.841661,deploy_queue_stage,0,0,0,0,stage
2026-02-14T17:20:22.721190,deploy_queue_stage,0,0,0,0,stage
2026-02-14T17:20:22.818469,deploy_queue_stage,0,0,0,0,stage
2026-02-14T17:20:23.844191,deploy_queue_stage,0,0,0,0,stage
2026-02-14T17:20:27.723143,deploy_queue_stage,0,0,0,0,stage
2026-02-14T17:20:27.820226,deploy_queue_stage,0,0,0,0,stage
2026-02-14T17:20:28.846410,deploy_queue_stage,0,0,0,0,stage
2026-02-14T17:20:31.850198,deploy_queue_stage,0,0,0,0,stage
2026-02-14T17:20:32.725442,deploy_queue_stage,0,0,0,0,stage
2026-02-14T17:20:32.823543,deploy_queue_stage,0,0,0,0,stage
2026-02-14T17:20:33.849166,deploy_queue_stage,0,0,0,0,stage
2026-02-14T17:20:36.854220,deploy_queue_stage,0,0,0,0,stage
2026-02-14T17:20:37.728828,deploy_queue_stage,0,0,0,0,stage
2026-02-14T17:20:37.826187,deploy_queue_stage,0,0,0,0,stage
2026-02-14T17:20:38.852137,deploy_queue_stage,0,0,0,0,stage
2026-02-14T17:20:41.858411,deploy_queue_stage,0,0,0,0,stage
2026-02-14T17:20:42.730830,deploy_queue_stage,0,0,0,0,stage
2026-02-14T17:20:42.828340,deploy_queue_stage,0,0,0,0,stage
2026-02-14T17:20:43.854784,deploy_queue_stage,0,0,0,0,stage
2026-02-14T17:20:46.861266,deploy_queue_stage,0,0,0,0,stage
2026-02-14T17:20:47.733526,deploy_queue_stage,0,0,0,0,stage
2026-02-14T17:20:47.830785,deploy_queue_stage,0,0,0,0,stage
2026-02-14T17:20:48.857056,deploy_queue_stage,0,0,0,0,stage
2026-02-14T17:20:51.863924,deploy_queue_stage,0,0,0,0,stage
2026-02-14T17:20:52.735545,deploy_queue_stage,0,0,0,0,stage
2026-02-14T17:20:52.832950,deploy_queue_stage,0,0,0,0,stage
2026-02-14T17:20:53.859021,deploy_queue_stage,0,0,0,0,stage
2026-02-14T17:20:56.866485,deploy_queue_stage,0,0,0,0,stage
2026-02-14T17:20:57.738297,deploy_queue_stage,0,0,0,0,stage
2026-02-14T17:20:57.835202,deploy_queue_stage,0,0,0,0,stage
2026-02-14T17:20:58.860874,deploy_queue_stage,0,0,0,0,stage
2026-02-14T17:21:01.869092,deploy_queue_stage,0,0,0,0,stage
2026-02-14T17:21:02.740736,deploy_queue_stage,0,0,0,0,stage
2026-02-14T17:21:02.837837,deploy_queue_stage,0,0,0,0,stage
2026-02-14T17:21:03.863641,deploy_queue_stage,0,0,0,0,stage
2026-02-14T17:21:06.873363,deploy_queue_stage,0,0,0,0,stage
2026-02-14T17:21:07.744084,deploy_queue_stage,0,0,0,0,stage
2026-02-14T17:21:07.839766,deploy_queue_stage,0,0,0,0,stage
2026-02-14T17:21:08.866068,deploy_queue_stage,0,0,0,0,stage
2026-02-14T17:21:11.876300,deploy_queue_stage,0,0,0,0,stage
2026-02-14T17:21:12.746157,deploy_queue_stage,0,0,0,0,stage
2026-02-14T17:21:12.842805,deploy_queue_stage,0,0,0,0,stage
2026-02-14T17:21:13.868065,deploy_queue_stage,0,0,0,0,stage
2026-02-14T17:21:16.878794,deploy_queue_stage,0,0,0,0,stage
2026-02-14T17:21:17.748514,deploy_queue_stage,0,0,0,0,stage
2026-02-14T17:21:17.844209,deploy_queue_stage,0,0,0,0,stage
2026-02-14T17:21:18.871157,deploy_queue_stage,0,0,0,0,stage
2026-02-14T17:21:21.880821,deploy_queue_stage,0,0,0,0,stage
2026-02-14T17:21:22.750839,deploy_queue_stage,0,0,0,0,stage
2026-02-14T17:21:22.845988,deploy_queue_stage,0,0,0,0,stage
2026-02-14T17:21:23.874316,deploy_queue_stage,0,0,0,0,stage
2026-02-14T17:21:26.882927,deploy_queue_stage,0,0,0,0,stage
2026-02-14T17:21:27.752671,deploy_queue_stage,0,0,0,0,stage
2026-02-14T17:21:27.847923,deploy_queue_stage,0,0,0,0,stage
2026-02-14T17:21:28.876113,deploy_queue_stage,0,0,0,0,stage
2026-02-14T17:21:31.884847,deploy_queue_stage,0,0,0,0,stage
2026-02-14T17:21:32.754766,deploy_queue_stage,0,0,0,0,stage
2026-02-14T17:21:32.849933,deploy_queue_stage,0,0,0,0,stage
2026-02-14T17:21:33.878542,deploy_queue_stage,0,0,0,0,stage
2026-02-14T17:21:36.887007,deploy_queue_stage,0,0,0,0,stage
2026-02-14T17:21:37.757075,deploy_queue_stage,0,0,0,0,stage
2026-02-14T17:21:37.852126,deploy_queue_stage,0,0,0,0,stage
2026-02-14T17:21:38.880764,deploy_queue_stage,0,0,0,0,stage
2026-02-14T17:21:41.889303,deploy_queue_stage,0,0,0,0,stage
2026-02-14T17:21:42.759004,deploy_queue_stage,0,0,0,0,stage
2026-02-14T17:21:42.855199,deploy_queue_stage,0,0,0,0,stage
2026-02-14T17:21:43.882399,deploy_queue_stage,0,0,0,0,stage
2026-02-14T17:21:46.891309,deploy_queue_stage,0,0,0,0,stage
2026-02-14T17:21:47.761537,deploy_queue_stage,0,0,0,0,stage
2026-02-14T17:21:47.856491,deploy_queue_stage,0,0,0,0,stage
2026-02-14T17:21:48.884167,deploy_queue_stage,0,0,0,0,stage
2026-02-14T17:21:51.893439,deploy_queue_stage,0,0,0,0,stage
2026-02-14T17:21:52.763415,deploy_queue_stage,0,0,0,0,stage
2026-02-14T17:21:52.858186,deploy_queue_stage,0,0,0,0,stage
2026-02-14T17:21:53.886421,deploy_queue_stage,0,0,0,0,stage
2026-02-14T17:21:56.895227,deploy_queue_stage,0,0,0,0,stage
2026-02-14T17:21:57.765468,deploy_queue_stage,0,0,0,0,stage
2026-02-14T17:21:57.860311,deploy_queue_stage,0,0,0,0,stage
2026-02-14T17:21:58.888630,deploy_queue_stage,0,0,0,0,stage
2026-02-14T17:22:01.897041,deploy_queue_stage,0,0,0,0,stage
2026-02-14T17:22:02.767606,deploy_queue_stage,0,0,0,0,stage
2026-02-14T17:22:02.861762,deploy_queue_stage,0,0,0,0,stage
2026-02-14T17:22:03.891225,deploy_queue_stage,0,0,0,0,stage
2026-02-14T17:22:06.900504,deploy_queue_stage,0,0,0,0,stage
2026-02-14T17:22:07.769694,deploy_queue_stage,0,0,0,0,stage
2026-02-14T17:22:07.863717,deploy_queue_stage,0,0,0,0,stage
2026-02-14T17:22:08.894194,deploy_queue_stage,0,0,0,0,stage
2026-02-14T17:22:11.904178,deploy_queue_stage,0,0,0,0,stage
2026-02-14T17:22:12.771503,deploy_queue_stage,0,0,0,0,stage
2026-02-14T17:22:12.865659,deploy_queue_stage,0,0,0,0,stage
2026-02-14T17:22:13.897347,deploy_queue_stage,0,0,0,0,stage
2026-02-14T17:22:16.907031,deploy_queue_stage,0,0,0,0,stage
2026-02-14T17:22:17.773684,deploy_queue_stage,0,0,0,0,stage
2026-02-14T17:22:17.867129,deploy_queue_stage,0,0,0,0,stage
2026-02-14T17:22:18.899087,deploy_queue_stage,0,0,0,0,stage
2026-02-14T17:22:21.909456,deploy_queue_stage,0,0,0,0,stage
2026-02-14T17:22:22.775554,deploy_queue_stage,0,0,0,0,stage
2026-02-14T17:22:22.868891,deploy_queue_stage,0,0,0,0,stage
2026-02-14T17:22:23.900927,deploy_queue_stage,0,0,0,0,stage
2026-02-14T17:22:26.912672,deploy_queue_stage,0,0,0,0,stage
2026-02-14T17:22:27.777950,deploy_queue_stage,0,0,0,0,stage
2026-02-14T17:22:27.871009,deploy_queue_stage,0,0,0,0,stage
2026-02-14T17:22:28.903188,deploy_queue_stage,0,0,0,0,stage
2026-02-14T17:22:31.914899,deploy_queue_stage,0,0,0,0,stage
2026-02-14T17:22:32.780710,deploy_queue_stage,0,0,0,0,stage
2026-02-14T17:22:32.873407,deploy_queue_stage,0,0,0,0,stage
2026-02-14T17:22:33.906106,deploy_queue_stage,0,0,0,0,stage
2026-02-14T17:22:36.917970,deploy_queue_stage,0,0,0,0,stage
2026-02-14T17:22:37.783354,deploy_queue_stage,0,0,0,0,stage
2026-02-14T17:22:37.875767,deploy_queue_stage,0,0,0,0,stage
2026-02-14T17:22:38.908335,deploy_queue_stage,0,0,0,0,stage
2026-02-14T17:22:41.920263,deploy_queue_stage,0,0,0,0,stage
2026-02-14T17:22:42.785255,deploy_queue_stage,0,0,0,0,stage
2026-02-14T17:22:42.877772,deploy_queue_stage,0,0,0,0,stage
2026-02-14T17:22:43.910520,deploy_queue_stage,0,0,0,0,stage
2026-02-14T17:22:46.922650,deploy_queue_stage,0,0,0,0,stage
2026-02-14T17:22:47.787688,deploy_queue_stage,0,0,0,0,stage
2026-02-14T17:22:47.879955,deploy_queue_stage,0,0,0,0,stage
2026-02-14T17:22:48.913727,deploy_queue_stage,0,0,0,0,stage
2026-02-14T17:22:51.924780,deploy_queue_stage,0,0,0,0,stage
2026-02-14T17:22:52.790612,deploy_queue_stage,0,0,0,0,stage
2026-02-14T17:22:52.882675,deploy_queue_stage,0,0,0,0,stage
2026-02-14T17:22:53.919647,deploy_queue_stage,0,0,0,0,stage
2026-02-14T17:22:56.926934,deploy_queue_stage,0,0,0,0,stage
2026-02-14T17:22:57.792406,deploy_queue_stage,0,0,0,0,stage
2026-02-14T17:22:57.884321,deploy_queue_stage,0,0,0,0,stage
2026-02-14T17:22:58.921780,deploy_queue_stage,0,0,0,0,stage
2026-02-14T17:23:01.929610,deploy_queue_stage,0,0,0,0,stage
2026-02-14T17:23:02.794772,deploy_queue_stage,0,0,0,0,stage
2026-02-14T17:23:02.886653,deploy_queue_stage,0,0,0,0,stage
2026-02-14T17:23:03.924107,deploy_queue_stage,0,0,0,0,stage
2026-02-14T17:23:06.932333,deploy_queue_stage,0,0,0,0,stage
2026-02-14T17:23:07.797290,deploy_queue_stage,0,0,0,0,stage
2026-02-14T17:23:07.888607,deploy_queue_stage,0,0,0,0,stage
2026-02-14T17:23:08.926223,deploy_queue_stage,0,0,0,0,stage
2026-02-14T17:23:11.934502,deploy_queue_stage,0,0,0,0,stage
2026-02-14T17:23:12.799316,deploy_queue_stage,0,0,0,0,stage
2026-02-14T17:23:12.890430,deploy_queue_stage,0,0,0,0,stage
2026-02-14T17:23:13.928584,deploy_queue_stage,0,0,0,0,stage
2026-02-14T17:23:16.936976,deploy_queue_stage,0,0,0,0,stage
2026-02-14T17:23:17.801714,deploy_queue_stage,0,0,0,0,stage
2026-02-14T17:23:17.892918,deploy_queue_stage,0,0,0,0,stage
2026-02-14T17:23:18.930089,deploy_queue_stage,0,0,0,0,stage
2026-02-14T17:23:21.939101,deploy_queue_stage,0,0,0,0,stage
2026-02-14T17:23:22.804009,deploy_queue_stage,0,0,0,0,stage
2026-02-14T17:23:22.894995,deploy_queue_stage,0,0,0,0,stage
2026-02-14T17:23:23.931875,deploy_queue_stage,0,0,0,0,stage
2026-02-14T17:23:26.941314,deploy_queue_stage,0,0,0,0,stage
2026-02-14T17:23:27.806249,deploy_queue_stage,0,0,0,0,stage
2026-02-14T17:23:27.896590,deploy_queue_stage,0,0,0,0,stage
2026-02-14T17:23:28.935102,deploy_queue_stage,0,0,0,0,stage
2026-02-14T17:23:31.943686,deploy_queue_stage,0,0,0,0,stage
2026-02-14T17:23:32.809635,deploy_queue_stage,0,0,0,0,stage
2026-02-14T17:23:32.899034,deploy_queue_stage,0,0,0,0,stage
2026-02-14T17:23:33.937615,deploy_queue_stage,0,0,0,0,stage
2026-02-14T17:23:36.945818,deploy_queue_stage,0,0,0,0,stage
2026-02-14T17:23:37.812141,deploy_queue_stage,0,0,0,0,stage
2026-02-14T17:23:37.902086,deploy_queue_stage,0,0,0,0,stage
2026-02-14T17:23:38.940233,deploy_queue_stage,0,0,0,0,stage
2026-02-14T17:23:41.948271,deploy_queue_stage,0,0,0,0,stage
2026-02-14T17:23:42.814800,deploy_queue_stage,0,0,0,0,stage
2026-02-14T17:23:42.904572,deploy_queue_stage,0,0,0,0,stage
2026-02-14T17:23:43.942641,deploy_queue_stage,0,0,0,0,stage
2026-02-14T17:23:46.951999,deploy_queue_stage,0,0,0,0,stage
2026-02-14T17:23:47.818104,deploy_queue_stage,0,0,0,0,stage
2026-02-14T17:23:47.906366,deploy_queue_stage,0,0,0,0,stage
2026-02-14T17:23:48.945098,deploy_queue_stage,0,0,0,0,stage
2026-02-14T17:23:51.954138,deploy_queue_stage,0,0,0,0,stage
2026-02-14T17:23:52.820703,deploy_queue_stage,0,0,0,0,stage
2026-02-14T17:23:52.908946,deploy_queue_stage,0,0,0,0,stage
2026-02-14T17:23:53.948285,deploy_queue_stage,0,0,0,0,stage
2026-02-14T17:23:56.956282,deploy_queue_stage,0,0,0,0,stage
2026-02-14T17:23:57.822848,deploy_queue_stage,0,0,0,0,stage
2026-02-14T17:23:57.910719,deploy_queue_stage,0,0,0,0,stage
2026-02-14T17:23:58.950871,deploy_queue_stage,0,0,0,0,stage
2026-02-14T17:24:01.960181,deploy_queue_stage,0,0,0,0,stage
2026-02-14T17:24:02.826005,deploy_queue_stage,0,0,0,0,stage
2026-02-14T17:24:02.912670,deploy_queue_stage,0,0,0,0,stage
2026-02-14T17:24:03.952729,deploy_queue_stage,0,0,0,0,stage
2026-02-14T17:24:06.963076,deploy_queue_stage,0,0,0,0,stage
2026-02-14T17:24:07.827997,deploy_queue_stage,0,0,0,0,stage
2026-02-14T17:24:07.915632,deploy_queue_stage,0,0,0,0,stage
2026-02-14T17:24:08.954620,deploy_queue_stage,0,0,0,0,stage
2026-02-14T17:24:11.965638,deploy_queue_stage,0,0,0,0,stage
2026-02-14T17:24:12.830392,deploy_queue_stage,0,0,0,0,stage
2026-02-14T17:24:12.917374,deploy_queue_stage,0,0,0,0,stage
2026-02-14T17:24:13.957009,deploy_queue_stage,0,0,0,0,stage
2026-02-14T17:24:16.969132,deploy_queue_stage,0,0,0,0,stage
2026-02-14T17:24:17.832599,deploy_queue_stage,0,0,0,0,stage
2026-02-14T17:24:17.919066,deploy_queue_stage,0,0,0,0,stage
2026-02-14T17:24:18.959457,deploy_queue_stage,0,0,0,0,stage
2026-02-14T17:24:21.971288,deploy_queue_stage,0,0,0,0,stage
2026-02-14T17:24:22.834147,deploy_queue_stage,0,0,0,0,stage
2026-02-14T17:24:22.921486,deploy_queue_stage,0,0,0,0,stage
2026-02-14T17:24:23.961950,deploy_queue_stage,0,0,0,0,stage
2026-02-14T17:24:26.974517,deploy_queue_stage,0,0,0,0,stage
2026-02-14T17:24:27.836464,deploy_queue_stage,0,0,0,0,stage
2026-02-14T17:24:27.923293,deploy_queue_stage,0,0,0,0,stage
2026-02-14T17:24:28.963776,deploy_queue_stage,0,0,0,0,stage
2026-02-14T17:24:31.977659,deploy_queue_stage,0,0,0,0,stage
2026-02-14T17:24:32.838137,deploy_queue_stage,0,0,0,0,stage
2026-02-14T17:24:32.924817,deploy_queue_stage,0,0,0,0,stage
2026-02-14T17:24:33.966027,deploy_queue_stage,0,0,0,0,stage
2026-02-14T17:24:36.980491,deploy_queue_stage,0,0,0,0,stage
2026-02-14T17:24:37.839559,deploy_queue_stage,0,0,0,0,stage
2026-02-14T17:24:37.926993,deploy_queue_stage,0,0,0,0,stage
2026-02-14T17:24:38.968309,deploy_queue_stage,0,0,0,0,stage
2026-02-14T17:24:41.983294,deploy_queue_stage,0,0,0,0,stage
2026-02-14T17:24:42.841966,deploy_queue_stage,0,0,0,0,stage
2026-02-14T17:24:42.928169,deploy_queue_stage,0,0,0,0,stage
2026-02-14T17:24:43.970651,deploy_queue_stage,0,0,0,0,stage
2026-02-14T17:24:46.985965,deploy_queue_stage,0,0,0,0,stage
2026-02-14T17:24:47.843781,deploy_queue_stage,0,0,0,0,stage
2026-02-14T17:24:47.929887,deploy_queue_stage,0,0,0,0,stage
2026-02-14T17:24:48.973600,deploy_queue_stage,0,0,0,0,stage
2026-02-14T17:24:51.988684,deploy_queue_stage,0,0,0,0,stage
2026-02-14T17:24:52.845365,deploy_queue_stage,0,0,0,0,stage
2026-02-14T17:24:52.932347,deploy_queue_stage,0,0,0,0,stage
2026-02-14T17:24:53.975752,deploy_queue_stage,0,0,0,0,stage
2026-02-14T17:24:56.991222,deploy_queue_stage,0,0,0,0,stage
2026-02-14T17:24:57.847203,deploy_queue_stage,0,0,0,0,stage
2026-02-14T17:24:57.934771,deploy_queue_stage,0,0,0,0,stage
2026-02-14T17:24:58.977913,deploy_queue_stage,0,0,0,0,stage
2026-02-14T17:25:01.993753,deploy_queue_stage,0,0,0,0,stage
2026-02-14T17:25:02.849069,deploy_queue_stage,0,0,0,0,stage
2026-02-14T17:25:02.937120,deploy_queue_stage,0,0,0,0,stage
2026-02-14T17:25:03.980231,deploy_queue_stage,0,0,0,0,stage
2026-02-14T17:25:06.995273,deploy_queue_stage,0,0,0,0,stage
2026-02-14T17:25:07.851247,deploy_queue_stage,0,0,0,0,stage
2026-02-14T17:25:07.939588,deploy_queue_stage,0,0,0,0,stage
2026-02-14T17:25:08.981666,deploy_queue_stage,0,0,0,0,stage
2026-02-14T17:25:11.997120,deploy_queue_stage,0,0,0,0,stage
2026-02-14T17:25:12.853568,deploy_queue_stage,0,0,0,0,stage
2026-02-14T17:25:12.941331,deploy_queue_stage,0,0,0,0,stage
2026-02-14T17:25:13.983414,deploy_queue_stage,0,0,0,0,stage
2026-02-14T17:25:16.999463,deploy_queue_stage,0,0,0,0,stage
2026-02-14T17:25:17.855259,deploy_queue_stage,0,0,0,0,stage
2026-02-14T17:25:17.943619,deploy_queue_stage,0,0,0,0,stage
2026-02-14T17:25:18.985405,deploy_queue_stage,0,0,0,0,stage
2026-02-14T17:25:22.000860,deploy_queue_stage,0,0,0,0,stage
2026-02-14T17:25:22.857638,deploy_queue_stage,0,0,0,0,stage
2026-02-14T17:25:22.945581,deploy_queue_stage,0,0,0,0,stage
2026-02-14T17:25:23.987430,deploy_queue_stage,0,0,0,0,stage
2026-02-14T17:25:27.002679,deploy_queue_stage,0,0,0,0,stage
2026-02-14T17:25:27.860105,deploy_queue_stage,0,0,0,0,stage
2026-02-14T17:25:27.947790,deploy_queue_stage,0,0,0,0,stage
2026-02-14T17:25:28.989239,deploy_queue_stage,0,0,0,0,stage
2026-02-14T17:25:32.004413,deploy_queue_stage,0,0,0,0,stage
2026-02-14T17:25:32.861971,deploy_queue_stage,0,0,0,0,stage
2026-02-14T17:25:32.949642,deploy_queue_stage,0,0,0,0,stage
2026-02-14T17:25:33.990920,deploy_queue_stage,0,0,0,0,stage
2026-02-14T17:25:37.006859,deploy_queue_stage,0,0,0,0,stage
2026-02-14T17:25:37.864554,deploy_queue_stage,0,0,0,0,stage
2026-02-14T17:25:37.951150,deploy_queue_stage,0,0,0,0,stage
2026-02-14T17:25:38.993127,deploy_queue_stage,0,0,0,0,stage
2026-02-14T17:25:42.009650,deploy_queue_stage,0,0,0,0,stage
2026-02-14T17:25:42.867026,deploy_queue_stage,0,0,0,0,stage
2026-02-14T17:25:42.953298,deploy_queue_stage,0,0,0,0,stage
2026-02-14T17:25:43.996107,deploy_queue_stage,0,0,0,0,stage
2026-02-14T17:25:47.011654,deploy_queue_stage,0,0,0,0,stage
2026-02-14T17:25:47.869863,deploy_queue_stage,0,0,0,0,stage
2026-02-14T17:25:47.955436,deploy_queue_stage,0,0,0,0,stage
2026-02-14T17:25:48.998692,deploy_queue_stage,0,0,0,0,stage
2026-02-14T17:25:52.014690,deploy_queue_stage,0,0,0,0,stage
2026-02-14T17:25:52.871942,deploy_queue_stage,0,0,0,0,stage
2026-02-14T17:25:52.957422,deploy_queue_stage,0,0,0,0,stage
2026-02-14T17:25:54.001695,deploy_queue_stage,0,0,0,0,stage
2026-02-14T17:25:57.016787,deploy_queue_stage,0,0,0,0,stage
2026-02-14T17:25:57.875049,deploy_queue_stage,0,0,0,0,stage
2026-02-14T17:25:57.959963,deploy_queue_stage,0,0,0,0,stage
2026-02-14T17:25:59.005175,deploy_queue_stage,0,0,0,0,stage
2026-02-14T17:26:02.018864,deploy_queue_stage,0,0,0,0,stage
2026-02-14T17:26:02.877538,deploy_queue_stage,0,0,0,0,stage
2026-02-14T17:26:02.962056,deploy_queue_stage,0,0,0,0,stage
2026-02-14T17:26:04.007449,deploy_queue_stage,0,0,0,0,stage
2026-02-14T17:26:07.020851,deploy_queue_stage,0,0,0,0,stage
2026-02-14T17:26:07.880300,deploy_queue_stage,0,0,0,0,stage
2026-02-14T17:26:07.965083,deploy_queue_stage,0,0,0,0,stage
2026-02-14T17:26:09.009196,deploy_queue_stage,0,0,0,0,stage
2026-02-14T17:26:12.024169,deploy_queue_stage,0,0,0,0,stage
2026-02-14T17:26:12.882599,deploy_queue_stage,0,0,0,0,stage
2026-02-14T17:26:12.967283,deploy_queue_stage,0,0,0,0,stage
2026-02-14T17:26:14.012444,deploy_queue_stage,0,0,0,0,stage
2026-02-14T17:26:17.026541,deploy_queue_stage,0,0,0,0,stage
2026-02-14T17:26:17.885319,deploy_queue_stage,0,0,0,0,stage
2026-02-14T17:26:17.971491,deploy_queue_stage,0,0,0,0,stage
2026-02-14T17:26:19.015779,deploy_queue_stage,0,0,0,0,stage
2026-02-14T17:26:22.028860,deploy_queue_stage,0,0,0,0,stage
2026-02-14T17:26:22.887777,deploy_queue_stage,0,0,0,0,stage
2026-02-14T17:26:22.974352,deploy_queue_stage,0,0,0,0,stage
2026-02-14T17:26:24.018382,deploy_queue_stage,0,0,0,0,stage
2026-02-14T17:26:27.031216,deploy_queue_stage,0,0,0,0,stage
2026-02-14T17:26:27.890714,deploy_queue_stage,0,0,0,0,stage
2026-02-14T17:26:27.977099,deploy_queue_stage,0,0,0,0,stage
2026-02-14T17:26:29.021127,deploy_queue_stage,0,0,0,0,stage
2026-02-14T17:26:32.033386,deploy_queue_stage,0,0,0,0,stage
2026-02-14T17:26:32.893034,deploy_queue_stage,0,0,0,0,stage
2026-02-14T17:26:32.979567,deploy_queue_stage,0,0,0,0,stage
2026-02-14T17:26:34.022984,deploy_queue_stage,0,0,0,0,stage
2026-02-14T17:26:37.035287,deploy_queue_stage,0,0,0,0,stage
2026-02-14T17:26:37.895650,deploy_queue_stage,0,0,0,0,stage
2026-02-14T17:26:37.982007,deploy_queue_stage,0,0,0,0,stage
2026-02-14T17:26:39.025490,deploy_queue_stage,0,0,0,0,stage
2026-02-14T17:26:42.037536,deploy_queue_stage,0,0,0,0,stage
2026-02-14T17:26:42.897574,deploy_queue_stage,0,0,0,0,stage
2026-02-14T17:26:42.984388,deploy_queue_stage,0,0,0,0,stage
2026-02-14T17:26:44.029004,deploy_queue_stage,0,0,0,0,stage
2026-02-14T17:26:47.039917,deploy_queue_stage,0,0,0,0,stage
2026-02-14T17:26:47.899346,deploy_queue_stage,0,0,0,0,stage
2026-02-14T17:26:47.986526,deploy_queue_stage,0,0,0,0,stage
2026-02-14T17:26:49.030934,deploy_queue_stage,0,0,0,0,stage
2026-02-14T17:26:52.042410,deploy_queue_stage,0,0,0,0,stage
2026-02-14T17:26:52.901240,deploy_queue_stage,0,0,0,0,stage
2026-02-14T17:26:52.988570,deploy_queue_stage,0,0,0,0,stage
2026-02-14T17:26:54.033841,deploy_queue_stage,0,0,0,0,stage
2026-02-14T17:26:57.044663,deploy_queue_stage,0,0,0,0,stage
2026-02-14T17:26:57.903606,deploy_queue_stage,0,0,0,0,stage
2026-02-14T17:26:57.990192,deploy_queue_stage,0,0,0,0,stage
2026-02-14T17:26:59.035485,deploy_queue_stage,0,0,0,0,stage
2026-02-14T17:27:02.046447,deploy_queue_stage,0,0,0,0,stage
2026-02-14T17:27:02.905551,deploy_queue_stage,0,0,0,0,stage
2026-02-14T17:27:02.992475,deploy_queue_stage,0,0,0,0,stage
2026-02-14T17:27:04.038013,deploy_queue_stage,0,0,0,0,stage
2026-02-14T17:27:07.049225,deploy_queue_stage,0,0,0,0,stage
2026-02-14T17:27:07.907791,deploy_queue_stage,0,0,0,0,stage
2026-02-14T17:27:07.994742,deploy_queue_stage,0,0,0,0,stage
2026-02-14T17:27:09.041079,deploy_queue_stage,0,0,0,0,stage
2026-02-14T17:27:12.052251,deploy_queue_stage,0,0,0,0,stage
2026-02-14T17:27:12.909676,deploy_queue_stage,0,0,0,0,stage
2026-02-14T17:27:12.996525,deploy_queue_stage,0,0,0,0,stage
2026-02-14T17:27:14.043866,deploy_queue_stage,0,0,0,0,stage
2026-02-14T17:27:17.054157,deploy_queue_stage,0,0,0,0,stage
2026-02-14T17:27:17.911910,deploy_queue_stage,0,0,0,0,stage
2026-02-14T17:27:17.998858,deploy_queue_stage,0,0,0,0,stage
2026-02-14T17:27:19.046487,deploy_queue_stage,0,0,0,0,stage
2026-02-14T17:27:22.056578,deploy_queue_stage,0,0,0,0,stage
2026-02-14T17:27:22.915281,deploy_queue_stage,0,0,0,0,stage
2026-02-14T17:27:23.001602,deploy_queue_stage,0,0,0,0,stage
2026-02-14T17:27:24.049628,deploy_queue_stage,0,0,0,0,stage
2026-02-14T17:27:27.059925,deploy_queue_stage,0,0,0,0,stage
2026-02-14T17:27:27.918309,deploy_queue_stage,0,0,0,0,stage
2026-02-14T17:27:28.004277,deploy_queue_stage,0,0,0,0,stage
2026-02-14T17:27:29.051938,deploy_queue_stage,0,0,0,0,stage
2026-02-14T17:27:32.063480,deploy_queue_stage,0,0,0,0,stage
2026-02-14T17:27:32.920423,deploy_queue_stage,0,0,0,0,stage
2026-02-14T17:27:33.007718,deploy_queue_stage,0,0,0,0,stage
2026-02-14T17:27:34.055524,deploy_queue_stage,0,0,0,0,stage
2026-02-14T17:27:37.066543,deploy_queue_stage,0,0,0,0,stage
2026-02-14T17:27:37.922938,deploy_queue_stage,0,0,0,0,stage
2026-02-14T17:27:38.010839,deploy_queue_stage,0,0,0,0,stage
2026-02-14T17:27:39.058941,deploy_queue_stage,0,0,0,0,stage
2026-02-14T17:27:42.068581,deploy_queue_stage,0,0,0,0,stage
2026-02-14T17:27:42.925497,deploy_queue_stage,0,0,0,0,stage
2026-02-14T17:27:43.013179,deploy_queue_stage,0,0,0,0,stage
2026-02-14T17:27:44.061048,deploy_queue_stage,0,0,0,0,stage
2026-02-14T17:27:47.071090,deploy_queue_stage,0,0,0,0,stage
2026-02-14T17:27:47.928629,deploy_queue_stage,0,0,0,0,stage
2026-02-14T17:27:48.014823,deploy_queue_stage,0,0,0,0,stage
2026-02-14T17:27:49.063830,deploy_queue_stage,0,0,0,0,stage
2026-02-14T17:27:52.074103,deploy_queue_stage,0,0,0,0,stage
2026-02-14T17:27:52.931158,deploy_queue_stage,0,0,0,0,stage
2026-02-14T17:27:53.016744,deploy_queue_stage,0,0,0,0,stage
2026-02-14T17:27:54.066027,deploy_queue_stage,0,0,0,0,stage
2026-02-14T17:27:57.077224,deploy_queue_stage,0,0,0,0,stage
2026-02-14T17:27:57.933719,deploy_queue_stage,0,0,0,0,stage
2026-02-14T17:27:58.018906,deploy_queue_stage,0,0,0,0,stage
2026-02-14T17:27:59.068545,deploy_queue_stage,0,0,0,0,stage
2026-02-14T17:28:02.080133,deploy_queue_stage,0,0,0,0,stage
2026-02-14T17:28:02.936860,deploy_queue_stage,0,0,0,0,stage
2026-02-14T17:28:03.020983,deploy_queue_stage,0,0,0,0,stage
2026-02-14T17:28:04.071202,deploy_queue_stage,0,0,0,0,stage
2026-02-14T17:28:07.083259,deploy_queue_stage,0,0,0,0,stage
2026-02-14T17:28:07.939674,deploy_queue_stage,0,0,0,0,stage
2026-02-14T17:28:08.023508,deploy_queue_stage,0,0,0,0,stage
2026-02-14T17:28:09.074205,deploy_queue_stage,0,0,0,0,stage
2026-02-14T17:28:12.085323,deploy_queue_stage,0,0,0,0,stage
2026-02-14T17:28:12.941510,deploy_queue_stage,0,0,0,0,stage
2026-02-14T17:28:13.025379,deploy_queue_stage,0,0,0,0,stage
2026-02-14T17:28:14.077189,deploy_queue_stage,0,0,0,0,stage
2026-02-14T17:28:17.087592,deploy_queue_stage,0,0,0,0,stage
2026-02-14T17:28:17.943534,deploy_queue_stage,0,0,0,0,stage
2026-02-14T17:28:18.027533,deploy_queue_stage,0,0,0,0,stage
2026-02-14T17:28:19.079913,deploy_queue_stage,0,0,0,0,stage
2026-02-14T17:28:22.091140,deploy_queue_stage,0,0,0,0,stage
2026-02-14T17:28:22.945401,deploy_queue_stage,0,0,0,0,stage
2026-02-14T17:28:23.029276,deploy_queue_stage,0,0,0,0,stage
2026-02-14T17:28:24.082395,deploy_queue_stage,0,0,0,0,stage
2026-02-14T17:28:27.092854,deploy_queue_stage,0,0,0,0,stage
2026-02-14T17:28:27.947310,deploy_queue_stage,0,0,0,0,stage
2026-02-14T17:28:28.031813,deploy_queue_stage,0,0,0,0,stage
2026-02-14T17:28:29.085226,deploy_queue_stage,0,0,0,0,stage
2026-02-14T17:28:32.095170,deploy_queue_stage,0,0,0,0,stage
2026-02-14T17:28:32.949487,deploy_queue_stage,0,0,0,0,stage
2026-02-14T17:28:33.033594,deploy_queue_stage,0,0,0,0,stage
2026-02-14T17:28:34.087366,deploy_queue_stage,0,0,0,0,stage
2026-02-14T17:28:37.097615,deploy_queue_stage,0,0,0,0,stage
2026-02-14T17:28:37.951879,deploy_queue_stage,0,0,0,0,stage
2026-02-14T17:28:38.035736,deploy_queue_stage,0,0,0,0,stage
2026-02-14T17:28:39.089552,deploy_queue_stage,0,0,0,0,stage
2026-02-14T17:28:42.099850,deploy_queue_stage,0,0,0,0,stage
2026-02-14T17:28:42.954684,deploy_queue_stage,0,0,0,0,stage
2026-02-14T17:28:43.038199,deploy_queue_stage,0,0,0,0,stage
2026-02-14T17:28:44.092515,deploy_queue_stage,0,0,0,0,stage
2026-02-14T17:28:47.102094,deploy_queue_stage,0,0,0,0,stage
2026-02-14T17:28:47.956174,deploy_queue_stage,0,0,0,0,stage
2026-02-14T17:28:48.039728,deploy_queue_stage,0,0,0,0,stage
2026-02-14T17:28:49.094242,deploy_queue_stage,0,0,0,0,stage
2026-02-14T17:28:52.104732,deploy_queue_stage,0,0,0,0,stage
2026-02-14T17:28:52.958018,deploy_queue_stage,0,0,0,0,stage
2026-02-14T17:28:53.041513,deploy_queue_stage,0,0,0,0,stage
2026-02-14T17:28:54.096571,deploy_queue_stage,0,0,0,0,stage
2026-02-14T17:28:57.107979,deploy_queue_stage,0,0,0,0,stage
2026-02-14T17:28:57.960731,deploy_queue_stage,0,0,0,0,stage
2026-02-14T17:28:58.043831,deploy_queue_stage,0,0,0,0,stage
2026-02-14T17:28:59.099638,deploy_queue_stage,0,0,0,0,stage
2026-02-14T17:29:02.110364,deploy_queue_stage,0,0,0,0,stage
2026-02-14T17:29:02.963165,deploy_queue_stage,0,0,0,0,stage
2026-02-14T17:29:03.046224,deploy_queue_stage,0,0,0,0,stage
2026-02-14T17:29:04.101876,deploy_queue_stage,0,0,0,0,stage
2026-02-14T17:29:07.112545,deploy_queue_stage,0,0,0,0,stage
2026-02-14T17:29:07.965575,deploy_queue_stage,0,0,0,0,stage
2026-02-14T17:29:08.049183,deploy_queue_stage,0,0,0,0,stage
2026-02-14T17:29:09.104052,deploy_queue_stage,0,0,0,0,stage
2026-02-14T17:29:12.114474,deploy_queue_stage,0,0,0,0,stage
2026-02-14T17:29:12.967351,deploy_queue_stage,0,0,0,0,stage
2026-02-14T17:29:13.051897,deploy_queue_stage,0,0,0,0,stage
2026-02-14T17:29:14.106096,deploy_queue_stage,0,0,0,0,stage
2026-02-14T17:29:17.117166,deploy_queue_stage,0,0,0,0,stage
2026-02-14T17:29:17.969401,deploy_queue_stage,0,0,0,0,stage
2026-02-14T17:29:18.054815,deploy_queue_stage,0,0,0,0,stage
2026-02-14T17:29:19.108791,deploy_queue_stage,0,0,0,0,stage
2026-02-14T17:29:22.119390,deploy_queue_stage,0,0,0,0,stage
2026-02-14T17:29:22.972665,deploy_queue_stage,0,0,0,0,stage
2026-02-14T17:29:23.058563,deploy_queue_stage,0,0,0,0,stage
2026-02-14T17:29:24.110812,deploy_queue_stage,0,0,0,0,stage
2026-02-14T17:29:27.121363,deploy_queue_stage,0,0,0,0,stage
2026-02-14T17:29:27.974885,deploy_queue_stage,0,0,0,0,stage
2026-02-14T17:29:28.062210,deploy_queue_stage,0,0,0,0,stage
2026-02-14T17:29:29.113258,deploy_queue_stage,0,0,0,0,stage
2026-02-14T17:29:32.123854,deploy_queue_stage,0,0,0,0,stage
2026-02-14T17:29:32.977850,deploy_queue_stage,0,0,0,0,stage
2026-02-14T17:29:33.064315,deploy_queue_stage,0,0,0,0,stage
2026-02-14T17:29:34.115319,deploy_queue_stage,0,0,0,0,stage
2026-02-14T17:29:37.127339,deploy_queue_stage,0,0,0,0,stage
2026-02-14T17:29:37.980273,deploy_queue_stage,0,0,0,0,stage
2026-02-14T17:29:38.066947,deploy_queue_stage,0,0,0,0,stage
2026-02-14T17:29:39.118221,deploy_queue_stage,0,0,0,0,stage
2026-02-14T17:29:42.129859,deploy_queue_stage,0,0,0,0,stage
2026-02-14T17:29:42.983731,deploy_queue_stage,0,0,0,0,stage
2026-02-14T17:29:43.070614,deploy_queue_stage,0,0,0,0,stage
2026-02-14T17:29:44.120702,deploy_queue_stage,0,0,0,0,stage
2026-02-14T17:29:47.133054,deploy_queue_stage,0,0,0,0,stage
2026-02-14T17:29:47.985948,deploy_queue_stage,0,0,0,0,stage
2026-02-14T17:29:48.073078,deploy_queue_stage,0,0,0,0,stage
2026-02-14T17:29:49.123287,deploy_queue_stage,0,0,0,0,stage
2026-02-14T17:29:52.135724,deploy_queue_stage,0,0,0,0,stage
2026-02-14T17:29:52.988375,deploy_queue_stage,0,0,0,0,stage
2026-02-14T17:29:53.075260,deploy_queue_stage,0,0,0,0,stage
2026-02-14T17:29:54.125706,deploy_queue_stage,0,0,0,0,stage
2026-02-14T17:29:57.139004,deploy_queue_stage,0,0,0,0,stage
2026-02-14T17:29:57.990502,deploy_queue_stage,0,0,0,0,stage
2026-02-14T17:29:58.077202,deploy_queue_stage,0,0,0,0,stage
2026-02-14T17:29:59.128754,deploy_queue_stage,0,0,0,0,stage
2026-02-14T17:30:02.141099,deploy_queue_stage,0,0,0,0,stage
2026-02-14T17:30:02.992809,deploy_queue_stage,0,0,0,0,stage
2026-02-14T17:30:03.080881,deploy_queue_stage,0,0,0,0,stage
2026-02-14T17:30:04.130885,deploy_queue_stage,0,0,0,0,stage
2026-02-14T17:30:07.143126,deploy_queue_stage,0,0,0,0,stage
2026-02-14T17:30:07.995326,deploy_queue_stage,0,0,0,0,stage
2026-02-14T17:30:08.083669,deploy_queue_stage,0,0,0,0,stage
2026-02-14T17:30:09.133238,deploy_queue_stage,0,0,0,0,stage
2026-02-14T17:30:12.146266,deploy_queue_stage,0,0,0,0,stage
2026-02-14T17:30:12.998011,deploy_queue_stage,0,0,0,0,stage
2026-02-14T17:30:13.086320,deploy_queue_stage,0,0,0,0,stage
2026-02-14T17:30:14.134962,deploy_queue_stage,0,0,0,0,stage
2026-02-14T17:30:17.149150,deploy_queue_stage,0,0,0,0,stage
2026-02-14T17:30:18.000581,deploy_queue_stage,0,0,0,0,stage
2026-02-14T17:30:18.088905,deploy_queue_stage,0,0,0,0,stage
2026-02-14T17:30:19.136531,deploy_queue_stage,0,0,0,0,stage
2026-02-14T17:30:22.152065,deploy_queue_stage,0,0,0,0,stage
2026-02-14T17:30:23.002857,deploy_queue_stage,0,0,0,0,stage
2026-02-14T17:30:23.091102,deploy_queue_stage,0,0,0,0,stage
2026-02-14T17:30:24.139247,deploy_queue_stage,0,0,0,0,stage
2026-02-14T17:30:27.155782,deploy_queue_stage,0,0,0,0,stage
2026-02-14T17:30:28.004639,deploy_queue_stage,0,0,0,0,stage
2026-02-14T17:30:28.093403,deploy_queue_stage,0,0,0,0,stage
2026-02-14T17:30:29.140955,deploy_queue_stage,0,0,0,0,stage
2026-02-14T17:30:32.158684,deploy_queue_stage,0,0,0,0,stage
2026-02-14T17:30:33.006490,deploy_queue_stage,0,0,0,0,stage
2026-02-14T17:30:33.095707,deploy_queue_stage,0,0,0,0,stage
2026-02-14T17:30:34.143884,deploy_queue_stage,0,0,0,0,stage
2026-02-14T17:30:37.161125,deploy_queue_stage,0,0,0,0,stage
2026-02-14T17:30:38.008311,deploy_queue_stage,0,0,0,0,stage
2026-02-14T17:30:38.098094,deploy_queue_stage,0,0,0,0,stage
2026-02-14T17:30:39.146539,deploy_queue_stage,0,0,0,0,stage
2026-02-14T17:30:42.163729,deploy_queue_stage,0,0,0,0,stage
2026-02-14T17:30:43.010545,deploy_queue_stage,0,0,0,0,stage
2026-02-14T17:30:43.100582,deploy_queue_stage,0,0,0,0,stage
2026-02-14T17:30:44.148642,deploy_queue_stage,0,0,0,0,stage
2026-02-14T17:30:47.166114,deploy_queue_stage,0,0,0,0,stage
2026-02-14T17:30:48.013029,deploy_queue_stage,0,0,0,0,stage
2026-02-14T17:30:48.103958,deploy_queue_stage,0,0,0,0,stage
2026-02-14T17:30:49.150409,deploy_queue_stage,0,0,0,0,stage
2026-02-14T17:30:52.168447,deploy_queue_stage,0,0,0,0,stage
2026-02-14T17:30:53.015333,deploy_queue_stage,0,0,0,0,stage
2026-02-14T17:30:53.105695,deploy_queue_stage,0,0,0,0,stage
2026-02-14T17:30:54.152846,deploy_queue_stage,0,0,0,0,stage
2026-02-14T17:30:57.171431,deploy_queue_stage,0,0,0,0,stage
2026-02-14T17:30:58.017757,deploy_queue_stage,0,0,0,0,stage
2026-02-14T17:30:58.108423,deploy_queue_stage,0,0,0,0,stage
2026-02-14T17:30:59.154516,deploy_queue_stage,0,0,0,0,stage
2026-02-14T17:31:02.172943,deploy_queue_stage,0,0,0,0,stage
2026-02-14T17:31:03.019809,deploy_queue_stage,0,0,0,0,stage
2026-02-14T17:31:03.110722,deploy_queue_stage,0,0,0,0,stage
2026-02-14T17:31:04.156521,deploy_queue_stage,0,0,0,0,stage
2026-02-14T17:31:07.174800,deploy_queue_stage,0,0,0,0,stage
2026-02-14T17:31:08.022481,deploy_queue_stage,0,0,0,0,stage
2026-02-14T17:31:08.112700,deploy_queue_stage,0,0,0,0,stage
2026-02-14T17:31:09.159153,deploy_queue_stage,0,0,0,0,stage
2026-02-14T17:31:12.176393,deploy_queue_stage,0,0,0,0,stage
2026-02-14T17:31:13.024177,deploy_queue_stage,0,0,0,0,stage
2026-02-14T17:31:13.114687,deploy_queue_stage,0,0,0,0,stage
2026-02-14T17:31:14.160821,deploy_queue_stage,0,0,0,0,stage
2026-02-14T17:31:17.178896,deploy_queue_stage,0,0,0,0,stage
2026-02-14T17:31:18.025807,deploy_queue_stage,0,0,0,0,stage
2026-02-14T17:31:18.116457,deploy_queue_stage,0,0,0,0,stage
2026-02-14T17:31:19.162498,deploy_queue_stage,0,0,0,0,stage
2026-02-14T17:31:22.181134,deploy_queue_stage,0,0,0,0,stage
2026-02-14T17:31:23.027410,deploy_queue_stage,0,0,0,0,stage
2026-02-14T17:31:23.118362,deploy_queue_stage,0,0,0,0,stage
2026-02-14T17:31:24.165139,deploy_queue_stage,0,0,0,0,stage
2026-02-14T17:31:27.183759,deploy_queue_stage,0,0,0,0,stage
2026-02-14T17:31:28.029259,deploy_queue_stage,0,0,0,0,stage
2026-02-14T17:31:28.120505,deploy_queue_stage,0,0,0,0,stage
2026-02-14T17:31:29.166466,deploy_queue_stage,0,0,0,0,stage
2026-02-14T17:31:32.186465,deploy_queue_stage,0,0,0,0,stage
2026-02-14T17:31:33.031145,deploy_queue_stage,0,0,0,0,stage
2026-02-14T17:31:33.122180,deploy_queue_stage,0,0,0,0,stage
2026-02-14T17:31:34.168194,deploy_queue_stage,0,0,0,0,stage
2026-02-14T17:31:37.189159,deploy_queue_stage,0,0,0,0,stage
2026-02-14T17:31:38.032727,deploy_queue_stage,0,0,0,0,stage
2026-02-14T17:31:38.124999,deploy_queue_stage,0,0,0,0,stage
2026-02-14T17:31:39.169386,deploy_queue_stage,0,0,0,0,stage
2026-02-14T17:31:42.191063,deploy_queue_stage,0,0,0,0,stage
2026-02-14T17:31:43.035120,deploy_queue_stage,0,0,0,0,stage
2026-02-14T17:31:43.126393,deploy_queue_stage,0,0,0,0,stage
2026-02-14T17:31:44.171166,deploy_queue_stage,0,0,0,0,stage
2026-02-14T17:31:47.193089,deploy_queue_stage,0,0,0,0,stage
2026-02-14T17:31:48.037367,deploy_queue_stage,0,0,0,0,stage
2026-02-14T17:31:48.128906,deploy_queue_stage,0,0,0,0,stage
2026-02-14T17:31:49.173366,deploy_queue_stage,0,0,0,0,stage
2026-02-14T17:31:52.194856,deploy_queue_stage,0,0,0,0,stage
2026-02-14T17:31:53.039173,deploy_queue_stage,0,0,0,0,stage
2026-02-14T17:31:53.132072,deploy_queue_stage,0,0,0,0,stage
2026-02-14T17:31:54.176006,deploy_queue_stage,0,0,0,0,stage
2026-02-14T17:31:57.196932,deploy_queue_stage,0,0,0,0,stage
2026-02-14T17:31:59.179041,deploy_queue_stage,0,0,0,0,stage
