timestamp,service_name,status,uptime_seconds,downtime_seconds,availability_percent,environment
2026-02-14T17:05:37.386924,multi_deploy_agent_stage,running,0.0,0,100,stage
2026-02-14T17:05:42.388344,multi_deploy_agent_stage,running,5.0,0,100.0,stage
2026-02-14T17:05:47.390112,multi_deploy_agent_stage,running,5.0,0,100.0,stage
2026-02-14T17:05:50.884425,multi_deploy_agent_stage,running,0.0,0,100,stage
2026-02-14T17:05:52.392261,multi_deploy_agent_stage,running,5.0,0,100.0,stage
2026-02-14T17:05:55.886226,multi_deploy_agent_stage,running,5.0,0,100.0,stage
2026-02-14T17:05:57.393734,multi_deploy_agent_stage,running,5.0,0,100.0,stage
2026-02-14T17:06:00.888383,multi_deploy_agent_stage,running,5.0,0,100.0,stage
2026-02-14T17:06:02.399018,multi_deploy_agent_stage,running,5.0,0,100.0,stage
2026-02-14T17:06:05.890344,multi_deploy_agent_stage,running,5.0,0,100.0,stage
2026-02-14T17:06:07.401309,multi_deploy_agent_stage,running,5.0,0,100.0,stage
2026-02-14T17:06:10.893183,multi_deploy_agent_stage,running,5.0,0,100.0,stage
2026-02-14T17:06:12.403865,multi_deploy_agent_stage,running,5.0,0,100.0,stage
2026-02-14T17:06:15.896521,multi_deploy_agent_stage,running,5.0,0,100.0,stage
2026-02-14T17:06:17.408007,multi_deploy_agent_stage,running,5.0,0,100.0,stage
2026-02-14T17:06:20.898558,multi_deploy_agent_stage,running,5.0,0,100.0,stage
2026-02-14T17:06:22.410175,multi_deploy_agent_stage,running,5.0,0,100.0,stage
2026-02-14T17:06:25.901188,multi_deploy_agent_stage,running,5.0,0,100.0,stage
2026-02-14T17:06:27.412639,multi_deploy_agent_stage,running,5.0,0,100.0,stage
2026-02-14T17:06:30.904728,multi_deploy_agent_stage,running,5.0,0,100.0,stage
2026-02-14T17:06:32.415722,multi_deploy_agent_stage,running,5.0,0,100.0,stage
2026-02-14T17:06:35.907682,multi_deploy_agent_stage,running,5.0,0,100.0,stage
2026-02-14T17:06:37.418904,multi_deploy_agent_stage,running,5.0,0,100.0,stage
2026-02-14T17:06:40.910594,multi_deploy_agent_stage,running,5.0,0,100.0,stage
2026-02-14T17:06:42.421308,multi_deploy_agent_stage,running,5.0,0,100.0,stage
2026-02-14T17:06:45.912983,multi_deploy_agent_stage,running,5.0,0,100.0,stage
2026-02-14T17:06:47.424677,multi_deploy_agent_stage,running,5.0,0,100.0,stage
2026-02-14T17:06:50.916039,multi_deploy_agent_stage,running,5.0,0,100.0,stage
2026-02-14T17:06:52.426926,multi_deploy_agent_stage,running,5.0,0,100.0,stage
2026-02-14T17:06:55.918508,multi_deploy_agent_stage,running,5.0,0,100.0,stage
2026-02-14T17:06:57.429000,multi_deploy_agent_stage,running,5.0,0,100.0,stage
2026-02-14T17:07:00.922014,multi_deploy_agent_stage,running,5.0,0,100.0,stage
2026-02-14T17:07:02.431176,multi_deploy_agent_stage,running,5.0,0,100.0,stage
2026-02-14T17:07:05.924022,multi_deploy_agent_stage,running,5.0,0,100.0,stage
2026-02-14T17:07:07.433291,multi_deploy_agent_stage,running,5.0,0,100.0,stage
2026-02-14T17:07:10.925699,multi_deploy_agent_stage,running,5.0,0,100.0,stage
2026-02-14T17:07:12.435361,multi_deploy_agent_stage,running,5.0,0,100.0,stage
2026-02-14T17:07:15.927782,multi_deploy_agent_stage,running,5.0,0,100.0,stage
2026-02-14T17:07:17.438216,multi_deploy_agent_stage,running,5.0,0,100.0,stage
2026-02-14T17:07:20.930026,multi_deploy_agent_stage,running,5.0,0,100.0,stage
2026-02-14T17:07:22.441359,multi_deploy_agent_stage,running,5.0,0,100.0,stage
2026-02-14T17:07:25.932323,multi_deploy_agent_stage,running,5.0,0,100.0,stage
2026-02-14T17:07:27.443920,multi_deploy_agent_stage,running,5.0,0,100.0,stage
2026-02-14T17:07:30.935612,multi_deploy_agent_stage,running,5.0,0,100.0,stage
2026-02-14T17:07:32.447599,multi_deploy_agent_stage,running,5.0,0,100.0,stage
2026-02-14T17:07:35.938688,multi_deploy_agent_stage,running,5.0,0,100.0,stage
2026-02-14T17:07:37.450165,multi_deploy_agent_stage,running,5.0,0,100.0,stage
2026-02-14T17:07:40.940800,multi_deploy_agent_stage,running,5.0,0,100.0,stage
2026-02-14T17:07:42.453263,multi_deploy_agent_stage,running,5.0,0,100.0,stage
2026-02-14T17:07:45.942870,multi_deploy_agent_stage,running,5.0,0,100.0,stage
2026-02-14T17:07:47.456570,multi_deploy_agent_stage,running,5.0,0,100.0,stage
2026-02-14T17:07:50.946925,multi_deploy_agent_stage,running,5.0,0,100.0,stage
2026-02-14T17:07:52.458864,multi_deploy_agent_stage,running,5.0,0,100.0,stage
2026-02-14T17:07:55.950622,multi_deploy_agent_stage,running,5.01,0,100.0,stage
2026-02-14T17:07:57.461242,multi_deploy_agent_stage,running,5.0,0,100.0,stage
2026-02-14T17:08:00.952933,multi_deploy_agent_stage,running,5.0,0,100.0,stage
2026-02-14T17:08:02.475412,multi_deploy_agent_stage,running,5.01,0,100.0,stage
2026-02-14T17:08:05.956005,multi_deploy_agent_stage,running,5.0,0,100.0,stage
2026-02-14T17:08:07.479751,multi_deploy_agent_stage,running,5.01,0,100.0,stage
2026-02-14T17:08:10.958437,multi_deploy_agent_stage,running,5.0,0,100.0,stage
2026-02-14T17:08:12.483280,multi_deploy_agent_stage,running,5.0,0,100.0,stage
2026-02-14T17:08:15.961847,multi_deploy_agent_stage,running,5.0,0,100.0,stage
2026-02-14T17:08:17.486469,multi_deploy_agent_stage,running,5.0,0,100.0,stage
2026-02-14T17:08:20.965233,multi_deploy_agent_stage,running,5.0,0,100.0,stage
2026-02-14T17:08:22.488540,multi_deploy_agent_stage,running,5.0,0,100.0,stage
2026-02-14T17:08:25.968462,multi_deploy_agent_stage,running,5.0,0,100.0,stage
2026-02-14T17:08:27.491508,multi_deploy_agent_stage,running,5.0,0,100.0,stage
2026-02-14T17:08:30.970869,multi_deploy_agent_stage,running,5.0,0,100.0,stage
2026-02-14T17:08:32.493908,multi_deploy_agent_stage,running,5.0,0,100.0,stage
2026-02-14T17:08:35.973803,multi_deploy_agent_stage,running,5.0,0,100.0,stage
2026-02-14T17:08:37.496583,multi_deploy_agent_stage,running,5.0,0,100.0,stage
2026-02-14T17:08:40.976458,multi_deploy_agent_stage,running,5.0,0,100.0,stage
2026-02-14T17:08:42.504498,multi_deploy_agent_stage,running,5.0,0,100.0,stage
2026-02-14T17:08:45.980275,multi_deploy_agent_stage,running,5.0,0,100.0,stage
2026-02-14T17:08:47.506302,multi_deploy_agent_stage,running,5.01,0,100.0,stage
2026-02-14T17:08:50.983658,multi_deploy_agent_stage,running,5.0,0,100.0,stage
2026-02-14T17:08:52.509131,multi_deploy_agent_stage,running,5.0,0,100.0,stage
2026-02-14T17:08:55.987097,multi_deploy_agent_stage,running,5.0,0,100.0,stage
2026-02-14T17:08:57.511891,multi_deploy_agent_stage,running,5.0,0,100.0,stage
2026-02-14T17:09:00.989620,multi_deploy_agent_stage,running,5.0,0,100.0,stage
2026-02-14T17:09:02.514021,multi_deploy_agent_stage,running,5.0,0,100.0,stage
2026-02-14T17:09:05.991859,multi_deploy_agent_stage,running,5.0,0,100.0,stage
2026-02-14T17:09:07.515809,multi_deploy_agent_stage,running,5.0,0,100.0,stage
2026-02-14T17:09:10.994539,multi_deploy_agent_stage,running,5.0,0,100.0,stage
2026-02-14T17:09:12.519344,multi_deploy_agent_stage,running,5.0,0,100.0,stage
2026-02-14T17:09:15.996748,multi_deploy_agent_stage,running,5.0,0,100.0,stage
2026-02-14T17:09:17.521990,multi_deploy_agent_stage,running,5.0,0,100.0,stage
2026-02-14T17:09:20.999761,multi_deploy_agent_stage,running,5.0,0,100.0,stage
2026-02-14T17:09:22.524205,multi_deploy_agent_stage,running,5.0,0,100.0,stage
2026-02-14T17:09:26.002691,multi_deploy_agent_stage,running,5.0,0,100.0,stage
2026-02-14T17:09:27.526713,multi_deploy_agent_stage,running,5.0,0,100.0,stage
2026-02-14T17:09:31.005611,multi_deploy_agent_stage,running,5.0,0,100.0,stage
2026-02-14T17:09:32.528624,multi_deploy_agent_stage,running,5.0,0,100.0,stage
2026-02-14T17:09:36.010789,multi_deploy_agent_stage,running,5.0,0,100.0,stage
2026-02-14T17:09:37.530747,multi_deploy_agent_stage,running,5.0,0,100.0,stage
2026-02-14T17:09:41.016231,multi_deploy_agent_stage,running,5.01,0,100.0,stage
2026-02-14T17:09:42.532842,multi_deploy_agent_stage,running,5.0,0,100.0,stage
2026-02-14T17:09:46.019583,multi_deploy_agent_stage,running,5.01,0,100.0,stage
2026-02-14T17:09:47.534932,multi_deploy_agent_stage,running,5.0,0,100.0,stage
2026-02-14T17:09:51.022524,multi_deploy_agent_stage,running,5.0,0,100.0,stage
2026-02-14T17:09:52.536992,multi_deploy_agent_stage,running,5.0,0,100.0,stage
2026-02-14T17:09:56.024529,multi_deploy_agent_stage,running,5.0,0,100.0,stage
2026-02-14T17:09:57.538609,multi_deploy_agent_stage,running,5.0,0,100.0,stage
2026-02-14T17:10:01.027296,multi_deploy_agent_stage,running,5.0,0,100.0,stage
2026-02-14T17:10:02.540578,multi_deploy_agent_stage,running,5.0,0,100.0,stage
2026-02-14T17:10:06.029201,multi_deploy_agent_stage,running,5.0,0,100.0,stage
2026-02-14T17:10:07.542400,multi_deploy_agent_stage,running,5.0,0,100.0,stage
2026-02-14T17:10:11.031094,multi_deploy_agent_stage,running,5.0,0,100.0,stage
2026-02-14T17:10:12.544692,multi_deploy_agent_stage,running,5.0,0,100.0,stage
2026-02-14T17:10:16.033133,multi_deploy_agent_stage,running,5.0,0,100.0,stage
2026-02-14T17:10:17.547100,multi_deploy_agent_stage,running,5.0,0,100.0,stage
2026-02-14T17:10:21.035501,multi_deploy_agent_stage,running,5.0,0,100.0,stage
2026-02-14T17:10:22.548921,multi_deploy_agent_stage,running,5.0,0,100.0,stage
2026-02-14T17:10:26.037599,multi_deploy_agent_stage,running,5.0,0,100.0,stage
2026-02-14T17:10:27.551561,multi_deploy_agent_stage,running,5.0,0,100.0,stage
2026-02-14T17:10:31.039469,multi_deploy_agent_stage,running,5.0,0,100.0,stage
2026-02-14T17:10:32.555045,multi_deploy_agent_stage,running,5.0,0,100.0,stage
2026-02-14T17:10:36.041550,multi_deploy_agent_stage,running,5.0,0,100.0,stage
2026-02-14T17:10:37.557983,multi_deploy_agent_stage,running,5.0,0,100.0,stage
2026-02-14T17:10:41.043545,multi_deploy_agent_stage,running,5.0,0,100.0,stage
2026-02-14T17:10:42.559736,multi_deploy_agent_stage,running,5.0,0,100.0,stage
2026-02-14T17:10:46.045494,multi_deploy_agent_stage,running,5.0,0,100.0,stage
2026-02-14T17:10:47.561486,multi_deploy_agent_stage,running,5.0,0,100.0,stage
2026-02-14T17:10:51.048382,multi_deploy_agent_stage,running,5.0,0,100.0,stage
2026-02-14T17:10:52.563908,multi_deploy_agent_stage,running,5.0,0,100.0,stage
2026-02-14T17:10:56.051038,multi_deploy_agent_stage,running,5.0,0,100.0,stage
2026-02-14T17:10:57.566673,multi_deploy_agent_stage,running,5.0,0,100.0,stage
2026-02-14T17:11:01.052774,multi_deploy_agent_stage,running,5.0,0,100.0,stage
2026-02-14T17:11:02.569950,multi_deploy_agent_stage,running,5.0,0,100.0,stage
2026-02-14T17:11:06.054960,multi_deploy_agent_stage,running,5.0,0,100.0,stage
2026-02-14T17:11:07.572167,multi_deploy_agent_stage,running,5.0,0,100.0,stage
2026-02-14T17:11:11.057121,multi_deploy_agent_stage,running,5.0,0,100.0,stage
2026-02-14T17:11:12.575337,multi_deploy_agent_stage,running,5.0,0,100.0,stage
2026-02-14T17:11:16.059569,multi_deploy_agent_stage,running,5.0,0,100.0,stage
2026-02-14T17:11:17.577624,multi_deploy_agent_stage,running,5.0,0,100.0,stage
2026-02-14T17:11:21.061460,multi_deploy_agent_stage,running,5.0,0,100.0,stage
2026-02-14T17:11:22.578888,multi_deploy_agent_stage,running,5.0,0,100.0,stage
2026-02-14T17:11:26.063588,multi_deploy_agent_stage,running,5.0,0,100.0,stage
2026-02-14T17:11:27.581311,multi_deploy_agent_stage,running,5.0,0,100.0,stage
2026-02-14T17:11:31.065614,multi_deploy_agent_stage,running,5.0,0,100.0,stage
2026-02-14T17:11:32.585794,multi_deploy_agent_stage,running,5.0,0,100.0,stage
2026-02-14T17:11:37.588136,multi_deploy_agent_stage,running,5.01,0,100.0,stage
2026-02-14T17:11:42.590957,multi_deploy_agent_stage,running,5.0,0,100.0,stage
2026-02-14T17:11:47.592956,multi_deploy_agent_stage,running,5.0,0,100.0,stage
2026-02-14T17:11:51.122331,multi_deploy_agent_stage,running,0.0,0,100,stage
2026-02-14T17:11:52.595037,multi_deploy_agent_stage,running,5.0,0,100.0,stage
2026-02-14T17:11:56.124579,multi_deploy_agent_stage,running,5.0,0,100.0,stage
2026-02-14T17:11:57.598224,multi_deploy_agent_stage,running,5.0,0,100.0,stage
2026-02-14T17:12:01.126427,multi_deploy_agent_stage,running,5.0,0,100.0,stage
2026-02-14T17:12:02.600311,multi_deploy_agent_stage,running,5.0,0,100.0,stage
2026-02-14T17:12:06.128309,multi_deploy_agent_stage,running,5.0,0,100.0,stage
2026-02-14T17:12:07.602000,multi_deploy_agent_stage,running,5.0,0,100.0,stage
2026-02-14T17:12:11.130811,multi_deploy_agent_stage,running,5.0,0,100.0,stage
2026-02-14T17:12:12.604244,multi_deploy_agent_stage,running,5.0,0,100.0,stage
2026-02-14T17:12:16.132497,multi_deploy_agent_stage,running,5.0,0,100.0,stage
2026-02-14T17:12:17.605815,multi_deploy_agent_stage,running,5.0,0,100.0,stage
2026-02-14T17:12:21.135438,multi_deploy_agent_stage,running,5.0,0,100.0,stage
2026-02-14T17:12:22.607632,multi_deploy_agent_stage,running,5.0,0,100.0,stage
2026-02-14T17:12:26.138602,multi_deploy_agent_stage,running,5.0,0,100.0,stage
2026-02-14T17:12:27.610203,multi_deploy_agent_stage,running,5.0,0,100.0,stage
2026-02-14T17:12:31.141807,multi_deploy_agent_stage,running,5.0,0,100.0,stage
2026-02-14T17:12:32.612271,multi_deploy_agent_stage,running,5.0,0,100.0,stage
2026-02-14T17:12:36.144669,multi_deploy_agent_stage,running,5.0,0,100.0,stage
2026-02-14T17:12:37.614415,multi_deploy_agent_stage,running,5.0,0,100.0,stage
2026-02-14T17:12:41.148034,multi_deploy_agent_stage,running,5.0,0,100.0,stage
2026-02-14T17:12:42.616824,multi_deploy_agent_stage,running,5.0,0,100.0,stage
2026-02-14T17:12:46.150798,multi_deploy_agent_stage,running,5.0,0,100.0,stage
2026-02-14T17:12:47.619935,multi_deploy_agent_stage,running,5.0,0,100.0,stage
2026-02-14T17:12:51.154130,multi_deploy_agent_stage,running,5.0,0,100.0,stage
2026-02-14T17:12:52.623214,multi_deploy_agent_stage,running,5.0,0,100.0,stage
2026-02-14T17:12:56.156356,multi_deploy_agent_stage,running,5.0,0,100.0,stage
2026-02-14T17:12:57.625673,multi_deploy_agent_stage,running,5.0,0,100.0,stage
2026-02-14T17:13:01.158689,multi_deploy_agent_stage,running,5.0,0,100.0,stage
2026-02-14T17:13:02.628379,multi_deploy_agent_stage,running,5.0,0,100.0,stage
2026-02-14T17:13:06.160940,multi_deploy_agent_stage,running,5.0,0,100.0,stage
2026-02-14T17:13:07.630466,multi_deploy_agent_stage,running,5.0,0,100.0,stage
2026-02-14T17:13:11.163008,multi_deploy_agent_stage,running,5.0,0,100.0,stage
2026-02-14T17:13:12.632043,multi_deploy_agent_stage,running,5.0,0,100.0,stage
2026-02-14T17:13:16.164830,multi_deploy_agent_stage,running,5.0,0,100.0,stage
2026-02-14T17:13:17.634254,multi_deploy_agent_stage,running,5.0,0,100.0,stage
2026-02-14T17:13:21.167272,multi_deploy_agent_stage,running,5.0,0,100.0,stage
2026-02-14T17:13:22.636676,multi_deploy_agent_stage,running,5.0,0,100.0,stage
2026-02-14T17:13:26.169409,multi_deploy_agent_stage,running,5.0,0,100.0,stage
2026-02-14T17:13:27.638487,multi_deploy_agent_stage,running,5.0,0,100.0,stage
2026-02-14T17:13:31.171037,multi_deploy_agent_stage,running,5.0,0,100.0,stage
2026-02-14T17:13:32.639865,multi_deploy_agent_stage,running,5.0,0,100.0,stage
2026-02-14T17:13:36.173166,multi_deploy_agent_stage,running,5.0,0,100.0,stage
2026-02-14T17:13:37.642943,multi_deploy_agent_stage,running,5.0,0,100.0,stage
2026-02-14T17:13:41.175417,multi_deploy_agent_stage,running,5.0,0,100.0,stage
2026-02-14T17:13:42.644717,multi_deploy_agent_stage,running,5.0,0,100.0,stage
2026-02-14T17:13:46.177702,multi_deploy_agent_stage,running,5.0,0,100.0,stage
2026-02-14T17:13:47.646587,multi_deploy_agent_stage,running,5.0,0,100.0,stage
2026-02-14T17:13:51.180823,multi_deploy_agent_stage,running,5.0,0,100.0,stage
2026-02-14T17:13:52.648767,multi_deploy_agent_stage,running,5.0,0,100.0,stage
2026-02-14T17:13:56.183171,multi_deploy_agent_stage,running,5.0,0,100.0,stage
2026-02-14T17:13:57.651952,multi_deploy_agent_stage,running,5.0,0,100.0,stage
2026-02-14T17:14:01.185097,multi_deploy_agent_stage,running,5.0,0,100.0,stage
2026-02-14T17:14:02.655123,multi_deploy_agent_stage,running,5.0,0,100.0,stage
2026-02-14T17:14:06.187305,multi_deploy_agent_stage,running,5.0,0,100.0,stage
2026-02-14T17:14:07.657268,multi_deploy_agent_stage,running,5.0,0,100.0,stage
2026-02-14T17:14:11.189006,multi_deploy_agent_stage,running,5.0,0,100.0,stage
2026-02-14T17:14:12.659423,multi_deploy_agent_stage,running,5.0,0,100.0,stage
2026-02-14T17:14:16.191138,multi_deploy_agent_stage,running,5.0,0,100.0,stage
2026-02-14T17:14:17.661777,multi_deploy_agent_stage,running,5.0,0,100.0,stage
2026-02-14T17:14:21.193450,multi_deploy_agent_stage,running,5.0,0,100.0,stage
2026-02-14T17:14:22.663805,multi_deploy_agent_stage,running,5.0,0,100.0,stage
2026-02-14T17:14:26.195653,multi_deploy_agent_stage,running,5.0,0,100.0,stage
2026-02-14T17:14:27.665295,multi_deploy_agent_stage,running,5.0,0,100.0,stage
2026-02-14T17:14:31.198203,multi_deploy_agent_stage,running,5.0,0,100.0,stage
2026-02-14T17:14:32.667214,multi_deploy_agent_stage,running,5.0,0,100.0,stage
2026-02-14T17:14:36.200297,multi_deploy_agent_stage,running,5.0,0,100.0,stage
2026-02-14T17:14:37.669428,multi_deploy_agent_stage,running,5.0,0,100.0,stage
2026-02-14T17:14:41.202515,multi_deploy_agent_stage,running,5.0,0,100.0,stage
2026-02-14T17:14:42.671612,multi_deploy_agent_stage,running,5.0,0,100.0,stage
2026-02-14T17:14:46.204612,multi_deploy_agent_stage,running,5.0,0,100.0,stage
2026-02-14T17:14:47.674485,multi_deploy_agent_stage,running,5.0,0,100.0,stage
2026-02-14T17:14:51.206770,multi_deploy_agent_stage,running,5.0,0,100.0,stage
2026-02-14T17:14:52.677335,multi_deploy_agent_stage,running,5.0,0,100.0,stage
2026-02-14T17:14:56.209091,multi_deploy_agent_stage,running,5.0,0,100.0,stage
2026-02-14T17:14:57.680636,multi_deploy_agent_stage,running,5.0,0,100.0,stage
2026-02-14T17:15:01.211868,multi_deploy_agent_stage,running,5.0,0,100.0,stage
2026-02-14T17:15:02.683528,multi_deploy_agent_stage,running,5.0,0,100.0,stage
2026-02-14T17:15:06.215649,multi_deploy_agent_stage,running,5.0,0,100.0,stage
2026-02-14T17:15:07.685837,multi_deploy_agent_stage,running,5.0,0,100.0,stage
2026-02-14T17:15:11.224975,multi_deploy_agent_stage,running,5.0,0,100.0,stage
2026-02-14T17:15:12.696787,multi_deploy_agent_stage,running,5.0,0,100.0,stage
2026-02-14T17:15:16.229693,multi_deploy_agent_stage,running,5.01,0,100.0,stage
2026-02-14T17:15:17.700918,multi_deploy_agent_stage,running,5.01,0,100.0,stage
2026-02-14T17:15:21.231146,multi_deploy_agent_stage,running,5.0,0,100.0,stage
2026-02-14T17:15:22.702837,multi_deploy_agent_stage,running,5.0,0,100.0,stage
2026-02-14T17:15:26.233435,multi_deploy_agent_stage,running,5.0,0,100.0,stage
2026-02-14T17:15:27.706240,multi_deploy_agent_stage,running,5.0,0,100.0,stage
2026-02-14T17:15:31.235397,multi_deploy_agent_stage,running,5.0,0,100.0,stage
2026-02-14T17:15:32.708158,multi_deploy_agent_stage,running,5.0,0,100.0,stage
2026-02-14T17:15:36.237062,multi_deploy_agent_stage,running,5.0,0,100.0,stage
2026-02-14T17:15:37.709689,multi_deploy_agent_stage,running,5.0,0,100.0,stage
2026-02-14T17:15:41.239329,multi_deploy_agent_stage,running,5.0,0,100.0,stage
2026-02-14T17:15:42.711259,multi_deploy_agent_stage,running,5.0,0,100.0,stage
2026-02-14T17:15:46.241389,multi_deploy_agent_stage,running,5.0,0,100.0,stage
2026-02-14T17:15:47.713245,multi_deploy_agent_stage,running,5.0,0,100.0,stage
2026-02-14T17:15:52.714917,multi_deploy_agent_stage,running,5.0,0,100.0,stage
2026-02-14T17:15:57.717697,multi_deploy_agent_stage,running,5.0,0,100.0,stage
2026-02-14T17:16:02.719509,multi_deploy_agent_stage,running,5.0,0,100.0,stage
2026-02-14T17:16:07.721145,multi_deploy_agent_stage,running,5.0,0,100.0,stage
2026-02-14T17:16:12.722649,multi_deploy_agent_stage,running,5.0,0,100.0,stage
2026-02-14T17:16:17.724509,multi_deploy_agent_stage,running,5.0,0,100.0,stage
2026-02-14T17:16:22.726144,multi_deploy_agent_stage,running,5.0,0,100.0,stage
2026-02-14T17:16:27.727478,multi_deploy_agent_stage,running,5.0,0,100.0,stage
2026-02-14T17:16:32.729263,multi_deploy_agent_stage,running,5.0,0,100.0,stage
2026-02-14T17:16:37.731881,multi_deploy_agent_stage,running,5.0,0,100.0,stage
2026-02-14T17:16:42.734056,multi_deploy_agent_stage,running,5.0,0,100.0,stage
2026-02-14T17:16:47.735246,multi_deploy_agent_stage,running,5.0,0,100.0,stage
2026-02-14T17:16:52.737417,multi_deploy_agent_stage,running,5.0,0,100.0,stage
2026-02-14T17:16:57.739494,multi_deploy_agent_stage,running,5.0,0,100.0,stage
2026-02-14T17:17:02.742008,multi_deploy_agent_stage,running,5.0,0,100.0,stage
2026-02-14T17:17:03.259697,multi_deploy_agent_stage,running,0.0,0,100,stage
2026-02-14T17:17:07.744900,multi_deploy_agent_stage,running,5.0,0,100.0,stage
2026-02-14T17:17:08.261701,multi_deploy_agent_stage,running,5.0,0,100.0,stage
2026-02-14T17:17:12.747994,multi_deploy_agent_stage,running,5.0,0,100.0,stage
2026-02-14T17:17:13.263588,multi_deploy_agent_stage,running,5.0,0,100.0,stage
2026-02-14T17:17:17.750373,multi_deploy_agent_stage,running,5.0,0,100.0,stage
2026-02-14T17:17:18.265636,multi_deploy_agent_stage,running,5.0,0,100.0,stage
2026-02-14T17:17:22.752378,multi_deploy_agent_stage,running,5.0,0,100.0,stage
2026-02-14T17:17:23.268063,multi_deploy_agent_stage,running,5.0,0,100.0,stage
2026-02-14T17:17:27.754811,multi_deploy_agent_stage,running,5.0,0,100.0,stage
2026-02-14T17:17:32.757629,multi_deploy_agent_stage,running,5.0,0,100.0,stage
2026-02-14T17:17:37.759312,multi_deploy_agent_stage,running,5.0,0,100.0,stage
2026-02-14T17:17:42.645157,multi_deploy_agent_stage,running,0.0,0,100,stage
2026-02-14T17:17:42.761376,multi_deploy_agent_stage,running,5.0,0,100.0,stage
2026-02-14T17:17:47.647545,multi_deploy_agent_stage,running,5.0,0,100.0,stage
2026-02-14T17:17:47.763760,multi_deploy_agent_stage,running,5.0,0,100.0,stage
2026-02-14T17:17:52.649570,multi_deploy_agent_stage,running,5.0,0,100.0,stage
2026-02-14T17:17:52.765822,multi_deploy_agent_stage,running,5.0,0,100.0,stage
2026-02-14T17:17:57.653373,multi_deploy_agent_stage,running,5.0,0,100.0,stage
2026-02-14T17:17:57.768585,multi_deploy_agent_stage,running,5.0,0,100.0,stage
2026-02-14T17:18:02.655198,multi_deploy_agent_stage,running,5.0,0,100.0,stage
2026-02-14T17:18:02.770672,multi_deploy_agent_stage,running,5.0,0,100.0,stage
2026-02-14T17:18:07.657610,multi_deploy_agent_stage,running,5.0,0,100.0,stage
2026-02-14T17:18:07.773179,multi_deploy_agent_stage,running,5.0,0,100.0,stage
2026-02-14T17:18:12.659728,multi_deploy_agent_stage,running,5.0,0,100.0,stage
2026-02-14T17:18:12.774823,multi_deploy_agent_stage,running,5.0,0,100.0,stage
2026-02-14T17:18:17.661573,multi_deploy_agent_stage,running,5.0,0,100.0,stage
2026-02-14T17:18:17.776630,multi_deploy_agent_stage,running,5.0,0,100.0,stage
2026-02-14T17:18:22.664690,multi_deploy_agent_stage,running,5.0,0,100.0,stage
2026-02-14T17:18:22.778130,multi_deploy_agent_stage,running,5.0,0,100.0,stage
2026-02-14T17:18:27.666585,multi_deploy_agent_stage,running,5.0,0,100.0,stage
2026-02-14T17:18:27.779653,multi_deploy_agent_stage,running,5.0,0,100.0,stage
2026-02-14T17:18:32.669558,multi_deploy_agent_stage,running,5.0,0,100.0,stage
2026-02-14T17:18:32.781535,multi_deploy_agent_stage,running,5.0,0,100.0,stage
2026-02-14T17:18:37.671761,multi_deploy_agent_stage,running,5.0,0,100.0,stage
2026-02-14T17:18:37.783327,multi_deploy_agent_stage,running,5.0,0,100.0,stage
2026-02-14T17:18:42.673772,multi_deploy_agent_stage,running,5.0,0,100.0,stage
2026-02-14T17:18:42.785622,multi_deploy_agent_stage,running,5.0,0,100.0,stage
2026-02-14T17:18:47.675652,multi_deploy_agent_stage,running,5.0,0,100.0,stage
2026-02-14T17:18:47.787431,multi_deploy_agent_stage,running,5.0,0,100.0,stage
2026-02-14T17:18:52.678360,multi_deploy_agent_stage,running,5.0,0,100.0,stage
2026-02-14T17:18:52.788553,multi_deploy_agent_stage,running,5.0,0,100.0,stage
2026-02-14T17:18:57.680130,multi_deploy_agent_stage,running,5.0,0,100.0,stage
2026-02-14T17:18:57.790305,multi_deploy_agent_stage,running,5.0,0,100.0,stage
2026-02-14T17:19:02.682512,multi_deploy_agent_stage,running,5.0,0,100.0,stage
2026-02-14T17:19:02.791928,multi_deploy_agent_stage,running,5.0,0,100.0,stage
2026-02-14T17:19:07.684937,multi_deploy_agent_stage,running,5.0,0,100.0,stage
2026-02-14T17:19:07.794165,multi_deploy_agent_stage,running,5.0,0,100.0,stage
2026-02-14T17:19:12.686510,multi_deploy_agent_stage,running,5.0,0,100.0,stage
2026-02-14T17:19:12.796348,multi_deploy_agent_stage,running,5.0,0,100.0,stage
2026-02-14T17:19:17.688739,multi_deploy_agent_stage,running,5.0,0,100.0,stage
2026-02-14T17:19:17.797790,multi_deploy_agent_stage,running,5.0,0,100.0,stage
2026-02-14T17:19:22.691404,multi_deploy_agent_stage,running,5.0,0,100.0,stage
2026-02-14T17:19:22.799224,multi_deploy_agent_stage,running,5.0,0,100.0,stage
2026-02-14T17:19:27.693208,multi_deploy_agent_stage,running,5.0,0,100.0,stage
2026-02-14T17:19:27.800790,multi_deploy_agent_stage,running,5.0,0,100.0,stage
2026-02-14T17:19:32.695210,multi_deploy_agent_stage,running,5.0,0,100.0,stage
2026-02-14T17:19:32.802760,multi_deploy_agent_stage,running,5.0,0,100.0,stage
2026-02-14T17:19:37.700934,multi_deploy_agent_stage,running,5.0,0,100.0,stage
2026-02-14T17:19:37.804292,multi_deploy_agent_stage,running,5.0,0,100.0,stage
2026-02-14T17:19:42.703914,multi_deploy_agent_stage,running,5.01,0,100.0,stage
2026-02-14T17:19:42.805862,multi_deploy_agent_stage,running,5.0,0,100.0,stage
2026-02-14T17:19:47.705691,multi_deploy_agent_stage,running,5.0,0,100.0,stage
2026-02-14T17:19:47.807383,multi_deploy_agent_stage,running,5.0,0,100.0,stage
2026-02-14T17:19:52.707430,multi_deploy_agent_stage,running,5.0,0,100.0,stage
2026-02-14T17:19:52.809104,multi_deploy_agent_stage,running,5.0,0,100.0,stage
2026-02-14T17:19:57.710390,multi_deploy_agent_stage,running,5.0,0,100.0,stage
2026-02-14T17:19:57.810806,multi_deploy_agent_stage,running,5.0,0,100.0,stage
2026-02-14T17:20:02.711998,multi_deploy_agent_stage,running,5.0,0,100.0,stage
2026-02-14T17:20:02.812785,multi_deploy_agent_stage,running,5.0,0,100.0,stage
2026-02-14T17:20:07.714401,multi_deploy_agent_stage,running,5.0,0,100.0,stage
2026-02-14T17:20:07.814320,multi_deploy_agent_stage,running,5.0,0,100.0,stage
2026-02-14T17:20:12.717128,multi_deploy_agent_stage,running,5.0,0,100.0,stage
2026-02-14T17:20:12.815903,multi_deploy_agent_stage,running,5.0,0,100.0,stage
2026-02-14T17:20:17.719669,multi_deploy_agent_stage,running,5.0,0,100.0,stage
2026-02-14T17:20:17.817248,multi_deploy_agent_stage,running,5.0,0,100.0,stage
2026-02-14T17:20:18.842390,multi_deploy_agent_stage,running,0.0,0,100,stage
2026-02-14T17:20:22.721681,multi_deploy_agent_stage,running,5.0,0,100.0,stage
2026-02-14T17:20:22.818822,multi_deploy_agent_stage,running,5.0,0,100.0,stage
2026-02-14T17:20:23.845032,multi_deploy_agent_stage,running,5.0,0,100.0,stage
2026-02-14T17:20:27.723671,multi_deploy_agent_stage,running,5.0,0,100.0,stage
2026-02-14T17:20:27.820904,multi_deploy_agent_stage,running,5.0,0,100.0,stage
2026-02-14T17:20:28.846912,multi_deploy_agent_stage,running,5.0,0,100.0,stage
2026-02-14T17:20:31.850726,multi_deploy_agent_stage,running,0.0,0,100,stage
2026-02-14T17:20:32.725999,multi_deploy_agent_stage,running,5.0,0,100.0,stage
2026-02-14T17:20:32.824256,multi_deploy_agent_stage,running,5.0,0,100.0,stage
2026-02-14T17:20:33.849956,multi_deploy_agent_stage,running,5.0,0,100.0,stage
2026-02-14T17:20:36.856037,multi_deploy_agent_stage,running,5.0,0,100.0,stage
2026-02-14T17:20:37.729373,multi_deploy_agent_stage,running,5.0,0,100.0,stage
2026-02-14T17:20:37.826585,multi_deploy_agent_stage,running,5.0,0,100.0,stage
2026-02-14T17:20:38.852883,multi_deploy_agent_stage,running,5.0,0,100.0,stage
2026-02-14T17:20:41.859356,multi_deploy_agent_stage,running,5.01,0,100.0,stage
2026-02-14T17:20:42.731381,multi_deploy_agent_stage,running,5.0,0,100.0,stage
2026-02-14T17:20:42.828944,multi_deploy_agent_stage,running,5.0,0,100.0,stage
2026-02-14T17:20:43.855502,multi_deploy_agent_stage,running,5.0,0,100.0,stage
2026-02-14T17:20:46.861918,multi_deploy_agent_stage,running,5.0,0,100.0,stage
2026-02-14T17:20:47.733915,multi_deploy_agent_stage,running,5.0,0,100.0,stage
2026-02-14T17:20:47.831304,multi_deploy_agent_stage,running,5.0,0,100.0,stage
2026-02-14T17:20:48.857635,multi_deploy_agent_stage,running,5.0,0,100.0,stage
2026-02-14T17:20:51.864816,multi_deploy_agent_stage,running,5.0,0,100.0,stage
2026-02-14T17:20:52.736426,multi_deploy_agent_stage,running,5.0,0,100.0,stage
2026-02-14T17:20:52.833498,multi_deploy_agent_stage,running,5.0,0,100.0,stage
2026-02-14T17:20:53.859497,multi_deploy_agent_stage,running,5.0,0,100.0,stage
2026-02-14T17:20:56.866989,multi_deploy_agent_stage,running,5.0,0,100.0,stage
2026-02-14T17:20:57.738802,multi_deploy_agent_stage,running,5.0,0,100.0,stage
2026-02-14T17:20:57.836291,multi_deploy_agent_stage,running,5.0,0,100.0,stage
2026-02-14T17:20:58.861275,multi_deploy_agent_stage,running,5.0,0,100.0,stage
2026-02-14T17:21:01.870406,multi_deploy_agent_stage,running,5.0,0,100.0,stage
2026-02-14T17:21:02.741792,multi_deploy_agent_stage,running,5.0,0,100.0,stage
2026-02-14T17:21:02.838278,multi_deploy_agent_stage,running,5.0,0,100.0,stage
2026-02-14T17:21:03.864665,multi_deploy_agent_stage,running,5.0,0,100.0,stage
2026-02-14T17:21:06.874277,multi_deploy_agent_stage,running,5.0,0,100.0,stage
2026-02-14T17:21:07.744660,multi_deploy_agent_stage,running,5.0,0,100.0,stage
2026-02-14T17:21:07.840541,multi_deploy_agent_stage,running,5.0,0,100.0,stage
2026-02-14T17:21:08.866563,multi_deploy_agent_stage,running,5.0,0,100.0,stage
2026-02-14T17:21:11.877429,multi_deploy_agent_stage,running,5.0,0,100.0,stage
2026-02-14T17:21:12.746803,multi_deploy_agent_stage,running,5.0,0,100.0,stage
2026-02-14T17:21:12.843359,multi_deploy_agent_stage,running,5.0,0,100.0,stage
2026-02-14T17:21:13.868729,multi_deploy_agent_stage,running,5.0,0,100.0,stage
2026-02-14T17:21:16.879413,multi_deploy_agent_stage,running,5.0,0,100.0,stage
2026-02-14T17:21:17.749512,multi_deploy_agent_stage,running,5.0,0,100.0,stage
2026-02-14T17:21:17.844544,multi_deploy_agent_stage,running,5.0,0,100.0,stage
2026-02-14T17:21:18.872052,multi_deploy_agent_stage,running,5.0,0,100.0,stage
2026-02-14T17:21:21.881556,multi_deploy_agent_stage,running,5.0,0,100.0,stage
2026-02-14T17:21:22.751433,multi_deploy_agent_stage,running,5.0,0,100.0,stage
2026-02-14T17:21:22.846583,multi_deploy_agent_stage,running,5.0,0,100.0,stage
2026-02-14T17:21:23.874582,multi_deploy_agent_stage,running,5.0,0,100.0,stage
2026-02-14T17:21:26.883551,multi_deploy_agent_stage,running,5.0,0,100.0,stage
2026-02-14T17:21:27.753187,multi_deploy_agent_stage,running,5.0,0,100.0,stage
2026-02-14T17:21:27.848353,multi_deploy_agent_stage,running,5.0,0,100.0,stage
2026-02-14T17:21:28.876786,multi_deploy_agent_stage,running,5.0,0,100.0,stage
2026-02-14T17:21:31.885349,multi_deploy_agent_stage,running,5.0,0,100.0,stage
2026-02-14T17:21:32.755361,multi_deploy_agent_stage,running,5.0,0,100.0,stage
2026-02-14T17:21:32.850511,multi_deploy_agent_stage,running,5.0,0,100.0,stage
2026-02-14T17:21:33.879078,multi_deploy_agent_stage,running,5.0,0,100.0,stage
2026-02-14T17:21:36.887785,multi_deploy_agent_stage,running,5.0,0,100.0,stage
2026-02-14T17:21:37.757440,multi_deploy_agent_stage,running,5.0,0,100.0,stage
2026-02-14T17:21:37.853167,multi_deploy_agent_stage,running,5.0,0,100.0,stage
2026-02-14T17:21:38.881062,multi_deploy_agent_stage,running,5.0,0,100.0,stage
2026-02-14T17:21:41.889932,multi_deploy_agent_stage,running,5.0,0,100.0,stage
2026-02-14T17:21:42.759600,multi_deploy_agent_stage,running,5.0,0,100.0,stage
2026-02-14T17:21:42.855554,multi_deploy_agent_stage,running,5.0,0,100.0,stage
2026-02-14T17:21:43.882843,multi_deploy_agent_stage,running,5.0,0,100.0,stage
2026-02-14T17:21:46.891939,multi_deploy_agent_stage,running,5.0,0,100.0,stage
2026-02-14T17:21:47.762071,multi_deploy_agent_stage,running,5.0,0,100.0,stage
2026-02-14T17:21:47.856842,multi_deploy_agent_stage,running,5.0,0,100.0,stage
2026-02-14T17:21:48.884739,multi_deploy_agent_stage,running,5.0,0,100.0,stage
2026-02-14T17:21:51.893912,multi_deploy_agent_stage,running,5.0,0,100.0,stage
2026-02-14T17:21:52.763895,multi_deploy_agent_stage,running,5.0,0,100.0,stage
2026-02-14T17:21:52.858767,multi_deploy_agent_stage,running,5.0,0,100.0,stage
2026-02-14T17:21:53.886992,multi_deploy_agent_stage,running,5.0,0,100.0,stage
2026-02-14T17:21:56.895685,multi_deploy_agent_stage,running,5.0,0,100.0,stage
2026-02-14T17:21:57.766217,multi_deploy_agent_stage,running,5.0,0,100.0,stage
2026-02-14T17:21:57.860616,multi_deploy_agent_stage,running,5.0,0,100.0,stage
2026-02-14T17:21:58.889281,multi_deploy_agent_stage,running,5.0,0,100.0,stage
2026-02-14T17:22:01.897767,multi_deploy_agent_stage,running,5.0,0,100.0,stage
2026-02-14T17:22:02.768117,multi_deploy_agent_stage,running,5.0,0,100.0,stage
2026-02-14T17:22:02.862337,multi_deploy_agent_stage,running,5.0,0,100.0,stage
2026-02-14T17:22:03.892108,multi_deploy_agent_stage,running,5.0,0,100.0,stage
2026-02-14T17:22:06.901737,multi_deploy_agent_stage,running,5.0,0,100.0,stage
2026-02-14T17:22:07.770123,multi_deploy_agent_stage,running,5.0,0,100.0,stage
2026-02-14T17:22:07.864157,multi_deploy_agent_stage,running,5.0,0,100.0,stage
2026-02-14T17:22:08.895035,multi_deploy_agent_stage,running,5.0,0,100.0,stage
2026-02-14T17:22:11.905645,multi_deploy_agent_stage,running,5.0,0,100.0,stage
2026-02-14T17:22:12.772423,multi_deploy_agent_stage,running,5.0,0,100.0,stage
2026-02-14T17:22:12.866044,multi_deploy_agent_stage,running,5.0,0,100.0,stage
2026-02-14T17:22:13.897625,multi_deploy_agent_stage,running,5.0,0,100.0,stage
2026-02-14T17:22:16.907533,multi_deploy_agent_stage,running,5.0,0,100.0,stage
2026-02-14T17:22:17.774165,multi_deploy_agent_stage,running,5.0,0,100.0,stage
2026-02-14T17:22:17.867464,multi_deploy_agent_stage,running,5.0,0,100.0,stage
2026-02-14T17:22:18.899730,multi_deploy_agent_stage,running,5.0,0,100.0,stage
2026-02-14T17:22:21.910284,multi_deploy_agent_stage,running,5.0,0,100.0,stage
2026-02-14T17:22:22.776156,multi_deploy_agent_stage,running,5.0,0,100.0,stage
2026-02-14T17:22:22.869393,multi_deploy_agent_stage,running,5.0,0,100.0,stage
2026-02-14T17:22:23.901663,multi_deploy_agent_stage,running,5.0,0,100.0,stage
2026-02-14T17:22:26.913052,multi_deploy_agent_stage,running,5.0,0,100.0,stage
2026-02-14T17:22:27.778793,multi_deploy_agent_stage,running,5.0,0,100.0,stage
2026-02-14T17:22:27.871575,multi_deploy_agent_stage,running,5.0,0,100.0,stage
2026-02-14T17:22:28.903687,multi_deploy_agent_stage,running,5.0,0,100.0,stage
2026-02-14T17:22:31.915645,multi_deploy_agent_stage,running,5.0,0,100.0,stage
2026-02-14T17:22:32.781447,multi_deploy_agent_stage,running,5.0,0,100.0,stage
2026-02-14T17:22:32.873953,multi_deploy_agent_stage,running,5.0,0,100.0,stage
2026-02-14T17:22:33.906705,multi_deploy_agent_stage,running,5.0,0,100.0,stage
2026-02-14T17:22:36.918462,multi_deploy_agent_stage,running,5.0,0,100.0,stage
2026-02-14T17:22:37.784034,multi_deploy_agent_stage,running,5.0,0,100.0,stage
2026-02-14T17:22:37.876102,multi_deploy_agent_stage,running,5.0,0,100.0,stage
2026-02-14T17:22:38.908640,multi_deploy_agent_stage,running,5.0,0,100.0,stage
2026-02-14T17:22:41.920918,multi_deploy_agent_stage,running,5.0,0,100.0,stage
2026-02-14T17:22:42.785797,multi_deploy_agent_stage,running,5.0,0,100.0,stage
2026-02-14T17:22:42.878437,multi_deploy_agent_stage,running,5.0,0,100.0,stage
2026-02-14T17:22:43.911047,multi_deploy_agent_stage,running,5.0,0,100.0,stage
2026-02-14T17:22:46.923120,multi_deploy_agent_stage,running,5.0,0,100.0,stage
2026-02-14T17:22:47.788265,multi_deploy_agent_stage,running,5.0,0,100.0,stage
2026-02-14T17:22:47.880568,multi_deploy_agent_stage,running,5.0,0,100.0,stage
2026-02-14T17:22:48.915307,multi_deploy_agent_stage,running,5.0,0,100.0,stage
2026-02-14T17:22:51.925230,multi_deploy_agent_stage,running,5.0,0,100.0,stage
2026-02-14T17:22:52.791165,multi_deploy_agent_stage,running,5.0,0,100.0,stage
2026-02-14T17:22:52.883196,multi_deploy_agent_stage,running,5.0,0,100.0,stage
2026-02-14T17:22:53.920198,multi_deploy_agent_stage,running,5.01,0,100.0,stage
2026-02-14T17:22:56.927653,multi_deploy_agent_stage,running,5.0,0,100.0,stage
2026-02-14T17:22:57.792961,multi_deploy_agent_stage,running,5.0,0,100.0,stage
2026-02-14T17:22:57.884922,multi_deploy_agent_stage,running,5.0,0,100.0,stage
2026-02-14T17:22:58.922341,multi_deploy_agent_stage,running,5.0,0,100.0,stage
2026-02-14T17:23:01.930233,multi_deploy_agent_stage,running,5.0,0,100.0,stage
2026-02-14T17:23:02.795239,multi_deploy_agent_stage,running,5.0,0,100.0,stage
2026-02-14T17:23:02.887109,multi_deploy_agent_stage,running,5.0,0,100.0,stage
2026-02-14T17:23:03.924554,multi_deploy_agent_stage,running,5.0,0,100.0,stage
2026-02-14T17:23:06.932837,multi_deploy_agent_stage,running,5.0,0,100.0,stage
2026-02-14T17:23:07.797977,multi_deploy_agent_stage,running,5.0,0,100.0,stage
2026-02-14T17:23:07.889194,multi_deploy_agent_stage,running,5.0,0,100.0,stage
2026-02-14T17:23:08.926736,multi_deploy_agent_stage,running,5.0,0,100.0,stage
2026-02-14T17:23:11.935291,multi_deploy_agent_stage,running,5.0,0,100.0,stage
2026-02-14T17:23:12.799861,multi_deploy_agent_stage,running,5.0,0,100.0,stage
2026-02-14T17:23:12.890786,multi_deploy_agent_stage,running,5.0,0,100.0,stage
2026-02-14T17:23:13.928989,multi_deploy_agent_stage,running,5.0,0,100.0,stage
2026-02-14T17:23:16.937530,multi_deploy_agent_stage,running,5.0,0,100.0,stage
2026-02-14T17:23:17.802304,multi_deploy_agent_stage,running,5.0,0,100.0,stage
2026-02-14T17:23:17.893454,multi_deploy_agent_stage,running,5.0,0,100.0,stage
2026-02-14T17:23:18.930377,multi_deploy_agent_stage,running,5.0,0,100.0,stage
2026-02-14T17:23:21.939702,multi_deploy_agent_stage,running,5.0,0,100.0,stage
2026-02-14T17:23:22.804463,multi_deploy_agent_stage,running,5.0,0,100.0,stage
2026-02-14T17:23:22.895407,multi_deploy_agent_stage,running,5.0,0,100.0,stage
2026-02-14T17:23:23.932334,multi_deploy_agent_stage,running,5.0,0,100.0,stage
2026-02-14T17:23:26.941734,multi_deploy_agent_stage,running,5.0,0,100.0,stage
2026-02-14T17:23:27.807474,multi_deploy_agent_stage,running,5.0,0,100.0,stage
2026-02-14T17:23:27.897194,multi_deploy_agent_stage,running,5.0,0,100.0,stage
2026-02-14T17:23:28.936114,multi_deploy_agent_stage,running,5.0,0,100.0,stage
2026-02-14T17:23:31.944155,multi_deploy_agent_stage,running,5.0,0,100.0,stage
2026-02-14T17:23:32.810119,multi_deploy_agent_stage,running,5.0,0,100.0,stage
2026-02-14T17:23:32.899808,multi_deploy_agent_stage,running,5.0,0,100.0,stage
2026-02-14T17:23:33.938239,multi_deploy_agent_stage,running,5.0,0,100.0,stage
2026-02-14T17:23:36.946404,multi_deploy_agent_stage,running,5.0,0,100.0,stage
2026-02-14T17:23:37.812677,multi_deploy_agent_stage,running,5.0,0,100.0,stage
2026-02-14T17:23:37.903045,multi_deploy_agent_stage,running,5.0,0,100.0,stage
2026-02-14T17:23:38.940545,multi_deploy_agent_stage,running,5.0,0,100.0,stage
2026-02-14T17:23:41.949237,multi_deploy_agent_stage,running,5.0,0,100.0,stage
2026-02-14T17:23:42.815763,multi_deploy_agent_stage,running,5.0,0,100.0,stage
2026-02-14T17:23:42.905060,multi_deploy_agent_stage,running,5.0,0,100.0,stage
2026-02-14T17:23:43.943459,multi_deploy_agent_stage,running,5.0,0,100.0,stage
2026-02-14T17:23:46.952815,multi_deploy_agent_stage,running,5.0,0,100.0,stage
2026-02-14T17:23:47.818847,multi_deploy_agent_stage,running,5.0,0,100.0,stage
2026-02-14T17:23:47.906916,multi_deploy_agent_stage,running,5.0,0,100.0,stage
2026-02-14T17:23:48.946095,multi_deploy_agent_stage,running,5.0,0,100.0,stage
2026-02-14T17:23:51.954601,multi_deploy_agent_stage,running,5.0,0,100.0,stage
2026-02-14T17:23:52.821264,multi_deploy_agent_stage,running,5.0,0,100.0,stage
2026-02-14T17:23:52.909315,multi_deploy_agent_stage,running,5.0,0,100.0,stage
2026-02-14T17:23:53.948806,multi_deploy_agent_stage,running,5.0,0,100.0,stage
2026-02-14T17:23:56.956854,multi_deploy_agent_stage,running,5.0,0,100.0,stage
2026-02-14T17:23:57.823974,multi_deploy_agent_stage,running,5.0,0,100.0,stage
2026-02-14T17:23:57.911040,multi_deploy_agent_stage,running,5.0,0,100.0,stage
2026-02-14T17:23:58.951329,multi_deploy_agent_stage,running,5.0,0,100.0,stage
2026-02-14T17:24:01.961049,multi_deploy_agent_stage,running,5.0,0,100.0,stage
2026-02-14T17:24:02.826406,multi_deploy_agent_stage,running,5.0,0,100.0,stage
2026-02-14T17:24:02.913995,multi_deploy_agent_stage,running,5.0,0,100.0,stage
2026-02-14T17:24:03.953042,multi_deploy_agent_stage,running,5.0,0,100.0,stage
2026-02-14T17:24:06.963568,multi_deploy_agent_stage,running,5.0,0,100.0,stage
2026-02-14T17:24:07.828574,multi_deploy_agent_stage,running,5.0,0,100.0,stage
2026-02-14T17:24:07.916035,multi_deploy_agent_stage,running,5.0,0,100.0,stage
2026-02-14T17:24:08.955248,multi_deploy_agent_stage,running,5.0,0,100.0,stage
2026-02-14T17:24:11.966799,multi_deploy_agent_stage,running,5.0,0,100.0,stage
2026-02-14T17:24:12.830994,multi_deploy_agent_stage,running,5.0,0,100.0,stage
2026-02-14T17:24:12.917860,multi_deploy_agent_stage,running,5.0,0,100.0,stage
2026-02-14T17:24:13.957668,multi_deploy_agent_stage,running,5.0,0,100.0,stage
2026-02-14T17:24:16.969583,multi_deploy_agent_stage,running,5.0,0,100.0,stage
2026-02-14T17:24:17.833092,multi_deploy_agent_stage,running,5.0,0,100.0,stage
2026-02-14T17:24:17.919847,multi_deploy_agent_stage,running,5.0,0,100.0,stage
2026-02-14T17:24:18.960054,multi_deploy_agent_stage,running,5.0,0,100.0,stage
2026-02-14T17:24:21.972008,multi_deploy_agent_stage,running,5.0,0,100.0,stage
2026-02-14T17:24:22.834997,multi_deploy_agent_stage,running,5.0,0,100.0,stage
2026-02-14T17:24:22.921925,multi_deploy_agent_stage,running,5.0,0,100.0,stage
2026-02-14T17:24:23.962408,multi_deploy_agent_stage,running,5.0,0,100.0,stage
2026-02-14T17:24:26.975175,multi_deploy_agent_stage,running,5.0,0,100.0,stage
2026-02-14T17:24:27.836782,multi_deploy_agent_stage,running,5.0,0,100.0,stage
2026-02-14T17:24:27.923594,multi_deploy_agent_stage,running,5.0,0,100.0,stage
2026-02-14T17:24:28.964456,multi_deploy_agent_stage,running,5.0,0,100.0,stage
2026-02-14T17:24:31.978111,multi_deploy_agent_stage,running,5.0,0,100.0,stage
2026-02-14T17:24:32.838559,multi_deploy_agent_stage,running,5.0,0,100.0,stage
2026-02-14T17:24:32.925309,multi_deploy_agent_stage,running,5.0,0,100.0,stage
2026-02-14T17:24:33.966473,multi_deploy_agent_stage,running,5.0,0,100.0,stage
2026-02-14T17:24:36.980847,multi_deploy_agent_stage,running,5.0,0,100.0,stage
2026-02-14T17:24:37.840278,multi_deploy_agent_stage,running,5.0,0,100.0,stage
2026-02-14T17:24:37.927312,multi_deploy_agent_stage,running,5.0,0,100.0,stage
2026-02-14T17:24:38.968858,multi_deploy_agent_stage,running,5.0,0,100.0,stage
2026-02-14T17:24:41.983955,multi_deploy_agent_stage,running,5.0,0,100.0,stage
2026-02-14T17:24:42.842465,multi_deploy_agent_stage,running,5.0,0,100.0,stage
2026-02-14T17:24:42.928518,multi_deploy_agent_stage,running,5.0,0,100.0,stage
2026-02-14T17:24:43.971066,multi_deploy_agent_stage,running,5.0,0,100.0,stage
2026-02-14T17:24:46.986782,multi_deploy_agent_stage,running,5.0,0,100.0,stage
2026-02-14T17:24:47.844199,multi_deploy_agent_stage,running,5.0,0,100.0,stage
2026-02-14T17:24:47.930695,multi_deploy_agent_stage,running,5.0,0,100.0,stage
2026-02-14T17:24:48.973937,multi_deploy_agent_stage,running,5.0,0,100.0,stage
2026-02-14T17:24:51.989262,multi_deploy_agent_stage,running,5.0,0,100.0,stage
2026-02-14T17:24:52.845830,multi_deploy_agent_stage,running,5.0,0,100.0,stage
2026-02-14T17:24:52.932878,multi_deploy_agent_stage,running,5.0,0,100.0,stage
2026-02-14T17:24:53.976240,multi_deploy_agent_stage,running,5.0,0,100.0,stage
2026-02-14T17:24:56.992473,multi_deploy_agent_stage,running,5.0,0,100.0,stage
2026-02-14T17:24:57.847683,multi_deploy_agent_stage,running,5.0,0,100.0,stage
2026-02-14T17:24:57.935218,multi_deploy_agent_stage,running,5.0,0,100.0,stage
2026-02-14T17:24:58.978526,multi_deploy_agent_stage,running,5.0,0,100.0,stage
2026-02-14T17:25:01.994168,multi_deploy_agent_stage,running,5.0,0,100.0,stage
2026-02-14T17:25:02.849577,multi_deploy_agent_stage,running,5.0,0,100.0,stage
2026-02-14T17:25:02.937958,multi_deploy_agent_stage,running,5.0,0,100.0,stage
2026-02-14T17:25:03.980574,multi_deploy_agent_stage,running,5.0,0,100.0,stage
2026-02-14T17:25:06.995728,multi_deploy_agent_stage,running,5.0,0,100.0,stage
2026-02-14T17:25:07.851993,multi_deploy_agent_stage,running,5.0,0,100.0,stage
2026-02-14T17:25:07.939982,multi_deploy_agent_stage,running,5.0,0,100.0,stage
2026-02-14T17:25:08.982078,multi_deploy_agent_stage,running,5.0,0,100.0,stage
2026-02-14T17:25:11.997798,multi_deploy_agent_stage,running,5.0,0,100.0,stage
2026-02-14T17:25:12.854060,multi_deploy_agent_stage,running,5.0,0,100.0,stage
2026-02-14T17:25:12.941684,multi_deploy_agent_stage,running,5.0,0,100.0,stage
2026-02-14T17:25:13.983984,multi_deploy_agent_stage,running,5.0,0,100.0,stage
2026-02-14T17:25:16.999932,multi_deploy_agent_stage,running,5.0,0,100.0,stage
2026-02-14T17:25:17.855713,multi_deploy_agent_stage,running,5.0,0,100.0,stage
2026-02-14T17:25:17.944013,multi_deploy_agent_stage,running,5.0,0,100.0,stage
2026-02-14T17:25:18.985942,multi_deploy_agent_stage,running,5.0,0,100.0,stage
2026-02-14T17:25:22.001241,multi_deploy_agent_stage,running,5.0,0,100.0,stage
2026-02-14T17:25:22.858499,multi_deploy_agent_stage,running,5.0,0,100.0,stage
2026-02-14T17:25:22.946000,multi_deploy_agent_stage,running,5.0,0,100.0,stage
2026-02-14T17:25:23.987806,multi_deploy_agent_stage,running,5.0,0,100.0,stage
2026-02-14T17:25:27.003290,multi_deploy_agent_stage,running,5.0,0,100.0,stage
2026-02-14T17:25:27.860567,multi_deploy_agent_stage,running,5.0,0,100.0,stage
2026-02-14T17:25:27.948414,multi_deploy_agent_stage,running,5.0,0,100.0,stage
2026-02-14T17:25:28.989521,multi_deploy_agent_stage,running,5.0,0,100.0,stage
2026-02-14T17:25:32.004896,multi_deploy_agent_stage,running,5.0,0,100.0,stage
2026-02-14T17:25:32.862860,multi_deploy_agent_stage,running,5.0,0,100.0,stage
2026-02-14T17:25:32.950041,multi_deploy_agent_stage,running,5.0,0,100.0,stage
2026-02-14T17:25:33.991339,multi_deploy_agent_stage,running,5.0,0,100.0,stage
2026-02-14T17:25:37.007905,multi_deploy_agent_stage,running,5.0,0,100.0,stage
2026-02-14T17:25:37.864897,multi_deploy_agent_stage,running,5.0,0,100.0,stage
2026-02-14T17:25:37.951495,multi_deploy_agent_stage,running,5.0,0,100.0,stage
2026-02-14T17:25:38.993991,multi_deploy_agent_stage,running,5.0,0,100.0,stage
2026-02-14T17:25:42.010244,multi_deploy_agent_stage,running,5.0,0,100.0,stage
2026-02-14T17:25:42.867625,multi_deploy_agent_stage,running,5.0,0,100.0,stage
2026-02-14T17:25:42.953825,multi_deploy_agent_stage,running,5.0,0,100.0,stage
2026-02-14T17:25:43.997097,multi_deploy_agent_stage,running,5.0,0,100.0,stage
2026-02-14T17:25:47.012541,multi_deploy_agent_stage,running,5.0,0,100.0,stage
2026-02-14T17:25:47.870326,multi_deploy_agent_stage,running,5.0,0,100.0,stage
2026-02-14T17:25:47.956010,multi_deploy_agent_stage,running,5.0,0,100.0,stage
2026-02-14T17:25:48.999440,multi_deploy_agent_stage,running,5.0,0,100.0,stage
2026-02-14T17:25:52.015373,multi_deploy_agent_stage,running,5.0,0,100.0,stage
2026-02-14T17:25:52.872571,multi_deploy_agent_stage,running,5.0,0,100.0,stage
2026-02-14T17:25:52.957973,multi_deploy_agent_stage,running,5.0,0,100.0,stage
2026-02-14T17:25:54.002764,multi_deploy_agent_stage,running,5.0,0,100.0,stage
2026-02-14T17:25:57.017561,multi_deploy_agent_stage,running,5.0,0,100.0,stage
2026-02-14T17:25:57.875550,multi_deploy_agent_stage,running,5.0,0,100.0,stage
2026-02-14T17:25:57.960537,multi_deploy_agent_stage,running,5.0,0,100.0,stage
2026-02-14T17:25:59.005557,multi_deploy_agent_stage,running,5.0,0,100.0,stage
2026-02-14T17:26:02.019489,multi_deploy_agent_stage,running,5.0,0,100.0,stage
2026-02-14T17:26:02.878459,multi_deploy_agent_stage,running,5.0,0,100.0,stage
2026-02-14T17:26:02.962607,multi_deploy_agent_stage,running,5.0,0,100.0,stage
2026-02-14T17:26:04.007913,multi_deploy_agent_stage,running,5.0,0,100.0,stage
2026-02-14T17:26:07.021411,multi_deploy_agent_stage,running,5.0,0,100.0,stage
2026-02-14T17:26:07.880859,multi_deploy_agent_stage,running,5.0,0,100.0,stage
2026-02-14T17:26:07.965535,multi_deploy_agent_stage,running,5.0,0,100.0,stage
2026-02-14T17:26:09.010593,multi_deploy_agent_stage,running,5.0,0,100.0,stage
2026-02-14T17:26:12.024814,multi_deploy_agent_stage,running,5.0,0,100.0,stage
2026-02-14T17:26:12.883367,multi_deploy_agent_stage,running,5.0,0,100.0,stage
2026-02-14T17:26:12.968810,multi_deploy_agent_stage,running,5.0,0,100.0,stage
2026-02-14T17:26:14.013462,multi_deploy_agent_stage,running,5.0,0,100.0,stage
2026-02-14T17:26:17.027133,multi_deploy_agent_stage,running,5.0,0,100.0,stage
2026-02-14T17:26:17.886119,multi_deploy_agent_stage,running,5.0,0,100.0,stage
2026-02-14T17:26:17.972202,multi_deploy_agent_stage,running,5.0,0,100.0,stage
2026-02-14T17:26:19.016482,multi_deploy_agent_stage,running,5.0,0,100.0,stage
2026-02-14T17:26:22.029457,multi_deploy_agent_stage,running,5.0,0,100.0,stage
2026-02-14T17:26:22.888535,multi_deploy_agent_stage,running,5.0,0,100.0,stage
2026-02-14T17:26:22.974879,multi_deploy_agent_stage,running,5.0,0,100.0,stage
2026-02-14T17:26:24.019044,multi_deploy_agent_stage,running,5.0,0,100.0,stage
2026-02-14T17:26:27.031748,multi_deploy_agent_stage,running,5.0,0,100.0,stage
2026-02-14T17:26:27.891530,multi_deploy_agent_stage,running,5.0,0,100.0,stage
2026-02-14T17:26:27.977563,multi_deploy_agent_stage,running,5.0,0,100.0,stage
2026-02-14T17:26:29.021712,multi_deploy_agent_stage,running,5.0,0,100.0,stage
2026-02-14T17:26:32.033899,multi_deploy_agent_stage,running,5.0,0,100.0,stage
2026-02-14T17:26:32.893646,multi_deploy_agent_stage,running,5.0,0,100.0,stage
2026-02-14T17:26:32.980076,multi_deploy_agent_stage,running,5.0,0,100.0,stage
2026-02-14T17:26:34.023279,multi_deploy_agent_stage,running,5.0,0,100.0,stage
2026-02-14T17:26:37.035653,multi_deploy_agent_stage,running,5.0,0,100.0,stage
2026-02-14T17:26:37.896250,multi_deploy_agent_stage,running,5.0,0,100.0,stage
2026-02-14T17:26:37.982773,multi_deploy_agent_stage,running,5.0,0,100.0,stage
2026-02-14T17:26:39.026341,multi_deploy_agent_stage,running,5.0,0,100.0,stage
2026-02-14T17:26:42.038404,multi_deploy_agent_stage,running,5.0,0,100.0,stage
2026-02-14T17:26:42.897862,multi_deploy_agent_stage,running,5.0,0,100.0,stage
2026-02-14T17:26:42.984903,multi_deploy_agent_stage,running,5.0,0,100.0,stage
2026-02-14T17:26:44.029428,multi_deploy_agent_stage,running,5.0,0,100.0,stage
2026-02-14T17:26:47.040745,multi_deploy_agent_stage,running,5.0,0,100.0,stage
2026-02-14T17:26:47.899991,multi_deploy_agent_stage,running,5.0,0,100.0,stage
2026-02-14T17:26:47.987133,multi_deploy_agent_stage,running,5.0,0,100.0,stage
2026-02-14T17:26:49.031652,multi_deploy_agent_stage,running,5.0,0,100.0,stage
2026-02-14T17:26:52.043169,multi_deploy_agent_stage,running,5.0,0,100.0,stage
2026-02-14T17:26:52.901880,multi_deploy_agent_stage,running,5.0,0,100.0,stage
2026-02-14T17:26:52.988891,multi_deploy_agent_stage,running,5.0,0,100.0,stage
2026-02-14T17:26:54.034177,multi_deploy_agent_stage,running,5.0,0,100.0,stage
2026-02-14T17:26:57.045198,multi_deploy_agent_stage,running,5.0,0,100.0,stage
2026-02-14T17:26:57.904016,multi_deploy_agent_stage,running,5.0,0,100.0,stage
2026-02-14T17:26:57.990625,multi_deploy_agent_stage,running,5.0,0,100.0,stage
2026-02-14T17:26:59.036061,multi_deploy_agent_stage,running,5.0,0,100.0,stage
2026-02-14T17:27:02.047205,multi_deploy_agent_stage,running,5.0,0,100.0,stage
2026-02-14T17:27:02.905876,multi_deploy_agent_stage,running,5.0,0,100.0,stage
2026-02-14T17:27:02.993047,multi_deploy_agent_stage,running,5.0,0,100.0,stage
2026-02-14T17:27:04.039083,multi_deploy_agent_stage,running,5.0,0,100.0,stage
2026-02-14T17:27:07.049574,multi_deploy_agent_stage,running,5.0,0,100.0,stage
2026-02-14T17:27:07.908546,multi_deploy_agent_stage,running,5.0,0,100.0,stage
2026-02-14T17:27:07.995252,multi_deploy_agent_stage,running,5.0,0,100.0,stage
2026-02-14T17:27:09.041942,multi_deploy_agent_stage,running,5.0,0,100.0,stage
2026-02-14T17:27:12.052549,multi_deploy_agent_stage,running,5.0,0,100.0,stage
2026-02-14T17:27:12.910089,multi_deploy_agent_stage,running,5.0,0,100.0,stage
2026-02-14T17:27:12.996961,multi_deploy_agent_stage,running,5.0,0,100.0,stage
2026-02-14T17:27:14.044597,multi_deploy_agent_stage,running,5.0,0,100.0,stage
2026-02-14T17:27:17.054937,multi_deploy_agent_stage,running,5.0,0,100.0,stage
2026-02-14T17:27:17.912775,multi_deploy_agent_stage,running,5.0,0,100.0,stage
2026-02-14T17:27:17.999594,multi_deploy_agent_stage,running,5.0,0,100.0,stage
2026-02-14T17:27:19.047398,multi_deploy_agent_stage,running,5.0,0,100.0,stage
2026-02-14T17:27:22.057391,multi_deploy_agent_stage,running,5.0,0,100.0,stage
2026-02-14T17:27:22.916138,multi_deploy_agent_stage,running,5.0,0,100.0,stage
2026-02-14T17:27:23.002340,multi_deploy_agent_stage,running,5.0,0,100.0,stage
2026-02-14T17:27:24.050026,multi_deploy_agent_stage,running,5.0,0,100.0,stage
2026-02-14T17:27:27.061000,multi_deploy_agent_stage,running,5.0,0,100.0,stage
2026-02-14T17:27:27.918870,multi_deploy_agent_stage,running,5.0,0,100.0,stage
2026-02-14T17:27:28.005379,multi_deploy_agent_stage,running,5.0,0,100.0,stage
2026-02-14T17:27:29.052366,multi_deploy_agent_stage,running,5.0,0,100.0,stage
2026-02-14T17:27:32.063815,multi_deploy_agent_stage,running,5.0,0,100.0,stage
2026-02-14T17:27:32.921006,multi_deploy_agent_stage,running,5.0,0,100.0,stage
2026-02-14T17:27:33.008507,multi_deploy_agent_stage,running,5.0,0,100.0,stage
2026-02-14T17:27:34.056722,multi_deploy_agent_stage,running,5.0,0,100.0,stage
2026-02-14T17:27:37.066998,multi_deploy_agent_stage,running,5.0,0,100.0,stage
2026-02-14T17:27:37.923407,multi_deploy_agent_stage,running,5.0,0,100.0,stage
2026-02-14T17:27:38.011427,multi_deploy_agent_stage,running,5.0,0,100.0,stage
2026-02-14T17:27:39.059491,multi_deploy_agent_stage,running,5.0,0,100.0,stage
2026-02-14T17:27:42.069103,multi_deploy_agent_stage,running,5.0,0,100.0,stage
2026-02-14T17:27:42.926531,multi_deploy_agent_stage,running,5.0,0,100.0,stage
2026-02-14T17:27:43.013629,multi_deploy_agent_stage,running,5.0,0,100.0,stage
2026-02-14T17:27:44.061775,multi_deploy_agent_stage,running,5.0,0,100.0,stage
2026-02-14T17:27:47.072082,multi_deploy_agent_stage,running,5.0,0,100.0,stage
2026-02-14T17:27:47.929017,multi_deploy_agent_stage,running,5.0,0,100.0,stage
2026-02-14T17:27:48.015327,multi_deploy_agent_stage,running,5.0,0,100.0,stage
2026-02-14T17:27:49.064369,multi_deploy_agent_stage,running,5.0,0,100.0,stage
2026-02-14T17:27:52.074818,multi_deploy_agent_stage,running,5.0,0,100.0,stage
2026-02-14T17:27:52.931887,multi_deploy_agent_stage,running,5.0,0,100.0,stage
2026-02-14T17:27:53.017374,multi_deploy_agent_stage,running,5.0,0,100.0,stage
2026-02-14T17:27:54.066399,multi_deploy_agent_stage,running,5.0,0,100.0,stage
2026-02-14T17:27:57.078169,multi_deploy_agent_stage,running,5.0,0,100.0,stage
2026-02-14T17:27:57.934450,multi_deploy_agent_stage,running,5.0,0,100.0,stage
2026-02-14T17:27:58.019458,multi_deploy_agent_stage,running,5.0,0,100.0,stage
2026-02-14T17:27:59.069053,multi_deploy_agent_stage,running,5.0,0,100.0,stage
2026-02-14T17:28:02.081334,multi_deploy_agent_stage,running,5.0,0,100.0,stage
2026-02-14T17:28:02.938013,multi_deploy_agent_stage,running,5.0,0,100.0,stage
2026-02-14T17:28:03.022159,multi_deploy_agent_stage,running,5.0,0,100.0,stage
2026-02-14T17:28:04.071917,multi_deploy_agent_stage,running,5.0,0,100.0,stage
2026-02-14T17:28:07.083907,multi_deploy_agent_stage,running,5.0,0,100.0,stage
2026-02-14T17:28:07.940167,multi_deploy_agent_stage,running,5.0,0,100.0,stage
2026-02-14T17:28:08.023886,multi_deploy_agent_stage,running,5.0,0,100.0,stage
2026-02-14T17:28:09.074596,multi_deploy_agent_stage,running,5.0,0,100.0,stage
2026-02-14T17:28:12.085674,multi_deploy_agent_stage,running,5.0,0,100.0,stage
2026-02-14T17:28:12.941907,multi_deploy_agent_stage,running,5.0,0,100.0,stage
2026-02-14T17:28:13.025806,multi_deploy_agent_stage,running,5.0,0,100.0,stage
2026-02-14T17:28:14.078224,multi_deploy_agent_stage,running,5.0,0,100.0,stage
2026-02-14T17:28:17.088449,multi_deploy_agent_stage,running,5.0,0,100.0,stage
2026-02-14T17:28:17.943953,multi_deploy_agent_stage,running,5.0,0,100.0,stage
2026-02-14T17:28:18.027995,multi_deploy_agent_stage,running,5.0,0,100.0,stage
2026-02-14T17:28:19.080319,multi_deploy_agent_stage,running,5.0,0,100.0,stage
2026-02-14T17:28:22.091690,multi_deploy_agent_stage,running,5.0,0,100.0,stage
2026-02-14T17:28:22.946021,multi_deploy_agent_stage,running,5.0,0,100.0,stage
2026-02-14T17:28:23.030231,multi_deploy_agent_stage,running,5.0,0,100.0,stage
2026-02-14T17:28:24.083153,multi_deploy_agent_stage,running,5.0,0,100.0,stage
2026-02-14T17:28:27.093345,multi_deploy_agent_stage,running,5.0,0,100.0,stage
2026-02-14T17:28:27.947683,multi_deploy_agent_stage,running,5.0,0,100.0,stage
2026-02-14T17:28:28.032167,multi_deploy_agent_stage,running,5.0,0,100.0,stage
2026-02-14T17:28:29.086102,multi_deploy_agent_stage,running,5.0,0,100.0,stage
2026-02-14T17:28:32.095933,multi_deploy_agent_stage,running,5.0,0,100.0,stage
2026-02-14T17:28:32.950073,multi_deploy_agent_stage,running,5.0,0,100.0,stage
2026-02-14T17:28:33.034068,multi_deploy_agent_stage,running,5.0,0,100.0,stage
2026-02-14T17:28:34.087804,multi_deploy_agent_stage,running,5.0,0,100.0,stage
2026-02-14T17:28:37.098098,multi_deploy_agent_stage,running,5.0,0,100.0,stage
2026-02-14T17:28:37.952770,multi_deploy_agent_stage,running,5.0,0,100.0,stage
2026-02-14T17:28:38.036372,multi_deploy_agent_stage,running,5.0,0,100.0,stage
2026-02-14T17:28:39.090462,multi_deploy_agent_stage,running,5.0,0,100.0,stage
2026-02-14T17:28:42.100481,multi_deploy_agent_stage,running,5.0,0,100.0,stage
2026-02-14T17:28:42.955066,multi_deploy_agent_stage,running,5.0,0,100.0,stage
2026-02-14T17:28:43.038867,multi_deploy_agent_stage,running,5.0,0,100.0,stage
2026-02-14T17:28:44.092786,multi_deploy_agent_stage,running,5.0,0,100.0,stage
2026-02-14T17:28:47.102794,multi_deploy_agent_stage,running,5.0,0,100.0,stage
2026-02-14T17:28:47.956558,multi_deploy_agent_stage,running,5.0,0,100.0,stage
2026-02-14T17:28:48.040266,multi_deploy_agent_stage,running,5.0,0,100.0,stage
2026-02-14T17:28:49.094911,multi_deploy_agent_stage,running,5.0,0,100.0,stage
2026-02-14T17:28:52.105614,multi_deploy_agent_stage,running,5.0,0,100.0,stage
2026-02-14T17:28:52.958863,multi_deploy_agent_stage,running,5.0,0,100.0,stage
2026-02-14T17:28:53.042164,multi_deploy_agent_stage,running,5.0,0,100.0,stage
2026-02-14T17:28:54.097231,multi_deploy_agent_stage,running,5.0,0,100.0,stage
2026-02-14T17:28:57.108913,multi_deploy_agent_stage,running,5.0,0,100.0,stage
2026-02-14T17:28:57.961262,multi_deploy_agent_stage,running,5.0,0,100.0,stage
2026-02-14T17:28:58.044422,multi_deploy_agent_stage,running,5.0,0,100.0,stage
2026-02-14T17:28:59.100112,multi_deploy_agent_stage,running,5.0,0,100.0,stage
2026-02-14T17:29:02.111096,multi_deploy_agent_stage,running,5.0,0,100.0,stage
2026-02-14T17:29:02.964047,multi_deploy_agent_stage,running,5.0,0,100.0,stage
2026-02-14T17:29:03.047020,multi_deploy_agent_stage,running,5.0,0,100.0,stage
2026-02-14T17:29:04.102725,multi_deploy_agent_stage,running,5.0,0,100.0,stage
2026-02-14T17:29:07.113070,multi_deploy_agent_stage,running,5.0,0,100.0,stage
2026-02-14T17:29:07.966185,multi_deploy_agent_stage,running,5.0,0,100.0,stage
2026-02-14T17:29:08.049714,multi_deploy_agent_stage,running,5.0,0,100.0,stage
2026-02-14T17:29:09.104619,multi_deploy_agent_stage,running,5.0,0,100.0,stage
2026-02-14T17:29:12.115049,multi_deploy_agent_stage,running,5.0,0,100.0,stage
2026-02-14T17:29:12.967922,multi_deploy_agent_stage,running,5.0,0,100.0,stage
2026-02-14T17:29:13.052664,multi_deploy_agent_stage,running,5.0,0,100.0,stage
2026-02-14T17:29:14.106630,multi_deploy_agent_stage,running,5.0,0,100.0,stage
2026-02-14T17:29:17.117866,multi_deploy_agent_stage,running,5.0,0,100.0,stage
2026-02-14T17:29:17.970306,multi_deploy_agent_stage,running,5.0,0,100.0,stage
2026-02-14T17:29:18.055734,multi_deploy_agent_stage,running,5.0,0,100.0,stage
2026-02-14T17:29:19.109400,multi_deploy_agent_stage,running,5.0,0,100.0,stage
2026-02-14T17:29:22.119976,multi_deploy_agent_stage,running,5.0,0,100.0,stage
2026-02-14T17:29:22.973225,multi_deploy_agent_stage,running,5.0,0,100.0,stage
2026-02-14T17:29:23.060126,multi_deploy_agent_stage,running,5.0,0,100.0,stage
2026-02-14T17:29:24.111547,multi_deploy_agent_stage,running,5.0,0,100.0,stage
2026-02-14T17:29:27.121771,multi_deploy_agent_stage,running,5.0,0,100.0,stage
2026-02-14T17:29:27.975630,multi_deploy_agent_stage,running,5.0,0,100.0,stage
2026-02-14T17:29:28.062689,multi_deploy_agent_stage,running,5.0,0,100.0,stage
2026-02-14T17:29:29.113641,multi_deploy_agent_stage,running,5.0,0,100.0,stage
2026-02-14T17:29:32.125064,multi_deploy_agent_stage,running,5.0,0,100.0,stage
2026-02-14T17:29:32.978181,multi_deploy_agent_stage,running,5.0,0,100.0,stage
2026-02-14T17:29:33.064970,multi_deploy_agent_stage,running,5.0,0,100.0,stage
2026-02-14T17:29:34.115972,multi_deploy_agent_stage,running,5.0,0,100.0,stage
2026-02-14T17:29:37.128365,multi_deploy_agent_stage,running,5.0,0,100.0,stage
2026-02-14T17:29:37.981433,multi_deploy_agent_stage,running,5.0,0,100.0,stage
2026-02-14T17:29:38.068430,multi_deploy_agent_stage,running,5.0,0,100.0,stage
2026-02-14T17:29:39.118659,multi_deploy_agent_stage,running,5.0,0,100.0,stage
2026-02-14T17:29:42.130684,multi_deploy_agent_stage,running,5.0,0,100.0,stage
2026-02-14T17:29:42.984375,multi_deploy_agent_stage,running,5.0,0,100.0,stage
2026-02-14T17:29:43.071219,multi_deploy_agent_stage,running,5.0,0,100.0,stage
2026-02-14T17:29:44.121256,multi_deploy_agent_stage,running,5.0,0,100.0,stage
2026-02-14T17:29:47.133804,multi_deploy_agent_stage,running,5.0,0,100.0,stage
2026-02-14T17:29:47.986385,multi_deploy_agent_stage,running,5.0,0,100.0,stage
2026-02-14T17:29:48.073766,multi_deploy_agent_stage,running,5.0,0,100.0,stage
2026-02-14T17:29:49.123772,multi_deploy_agent_stage,running,5.0,0,100.0,stage
2026-02-14T17:29:52.136718,multi_deploy_agent_stage,running,5.0,0,100.0,stage
2026-02-14T17:29:52.988702,multi_deploy_agent_stage,running,5.0,0,100.0,stage
2026-02-14T17:29:53.075773,multi_deploy_agent_stage,running,5.0,0,100.0,stage
2026-02-14T17:29:54.126538,multi_deploy_agent_stage,running,5.0,0,100.0,stage
2026-02-14T17:29:57.139537,multi_deploy_agent_stage,running,5.0,0,100.0,stage
2026-02-14T17:29:57.991286,multi_deploy_agent_stage,running,5.0,0,100.0,stage
2026-02-14T17:29:58.078142,multi_deploy_agent_stage,running,5.0,0,100.0,stage
2026-02-14T17:29:59.129258,multi_deploy_agent_stage,running,5.0,0,100.0,stage
2026-02-14T17:30:02.141558,multi_deploy_agent_stage,running,5.0,0,100.0,stage
2026-02-14T17:30:02.993510,multi_deploy_agent_stage,running,5.0,0,100.0,stage
2026-02-14T17:30:03.081687,multi_deploy_agent_stage,running,5.0,0,100.0,stage
2026-02-14T17:30:04.131581,multi_deploy_agent_stage,running,5.0,0,100.0,stage
2026-02-14T17:30:07.143772,multi_deploy_agent_stage,running,5.0,0,100.0,stage
2026-02-14T17:30:07.996059,multi_deploy_agent_stage,running,5.0,0,100.0,stage
2026-02-14T17:30:08.084158,multi_deploy_agent_stage,running,5.0,0,100.0,stage
2026-02-14T17:30:09.133749,multi_deploy_agent_stage,running,5.0,0,100.0,stage
2026-02-14T17:30:12.146979,multi_deploy_agent_stage,running,5.0,0,100.0,stage
2026-02-14T17:30:12.998627,multi_deploy_agent_stage,running,5.0,0,100.0,stage
2026-02-14T17:30:13.087266,multi_deploy_agent_stage,running,5.0,0,100.0,stage
2026-02-14T17:30:14.135306,multi_deploy_agent_stage,running,5.0,0,100.0,stage
2026-02-14T17:30:17.150116,multi_deploy_agent_stage,running,5.0,0,100.0,stage
2026-02-14T17:30:18.001020,multi_deploy_agent_stage,running,5.0,0,100.0,stage
2026-02-14T17:30:18.089383,multi_deploy_agent_stage,running,5.0,0,100.0,stage
2026-02-14T17:30:19.136897,multi_deploy_agent_stage,running,5.0,0,100.0,stage
2026-02-14T17:30:22.152626,multi_deploy_agent_stage,running,5.0,0,100.0,stage
2026-02-14T17:30:23.003290,multi_deploy_agent_stage,running,5.0,0,100.0,stage
2026-02-14T17:30:23.091639,multi_deploy_agent_stage,running,5.0,0,100.0,stage
2026-02-14T17:30:24.139728,multi_deploy_agent_stage,running,5.0,0,100.0,stage
2026-02-14T17:30:27.156795,multi_deploy_agent_stage,running,5.0,0,100.0,stage
2026-02-14T17:30:28.005264,multi_deploy_agent_stage,running,5.0,0,100.0,stage
2026-02-14T17:30:28.094033,multi_deploy_agent_stage,running,5.0,0,100.0,stage
2026-02-14T17:30:29.141420,multi_deploy_agent_stage,running,5.0,0,100.0,stage
2026-02-14T17:30:32.159347,multi_deploy_agent_stage,running,5.0,0,100.0,stage
2026-02-14T17:30:33.006873,multi_deploy_agent_stage,running,5.0,0,100.0,stage
2026-02-14T17:30:33.096579,multi_deploy_agent_stage,running,5.0,0,100.0,stage
2026-02-14T17:30:34.144813,multi_deploy_agent_stage,running,5.0,0,100.0,stage
2026-02-14T17:30:37.161677,multi_deploy_agent_stage,running,5.0,0,100.0,stage
2026-02-14T17:30:38.008679,multi_deploy_agent_stage,running,5.0,0,100.0,stage
2026-02-14T17:30:38.098490,multi_deploy_agent_stage,running,5.0,0,100.0,stage
2026-02-14T17:30:39.146962,multi_deploy_agent_stage,running,5.0,0,100.0,stage
2026-02-14T17:30:42.164246,multi_deploy_agent_stage,running,5.0,0,100.0,stage
2026-02-14T17:30:43.011042,multi_deploy_agent_stage,running,5.0,0,100.0,stage
2026-02-14T17:30:43.101242,multi_deploy_agent_stage,running,5.0,0,100.0,stage
2026-02-14T17:30:44.149095,multi_deploy_agent_stage,running,5.0,0,100.0,stage
2026-02-14T17:30:47.166558,multi_deploy_agent_stage,running,5.0,0,100.0,stage
2026-02-14T17:30:48.013440,multi_deploy_agent_stage,running,5.0,0,100.0,stage
2026-02-14T17:30:48.104425,multi_deploy_agent_stage,running,5.0,0,100.0,stage
2026-02-14T17:30:49.151043,multi_deploy_agent_stage,running,5.0,0,100.0,stage
2026-02-14T17:30:52.169328,multi_deploy_agent_stage,running,5.0,0,100.0,stage
2026-02-14T17:30:53.016103,multi_deploy_agent_stage,running,5.0,0,100.0,stage
2026-02-14T17:30:53.106409,multi_deploy_agent_stage,running,5.0,0,100.0,stage
2026-02-14T17:30:54.153150,multi_deploy_agent_stage,running,5.0,0,100.0,stage
2026-02-14T17:30:57.171732,multi_deploy_agent_stage,running,5.0,0,100.0,stage
2026-02-14T17:30:58.018329,multi_deploy_agent_stage,running,5.0,0,100.0,stage
2026-02-14T17:30:58.108834,multi_deploy_agent_stage,running,5.0,0,100.0,stage
2026-02-14T17:30:59.154975,multi_deploy_agent_stage,running,5.0,0,100.0,stage
2026-02-14T17:31:02.173767,multi_deploy_agent_stage,running,5.0,0,100.0,stage
2026-02-14T17:31:03.020425,multi_deploy_agent_stage,running,5.0,0,100.0,stage
2026-02-14T17:31:03.111207,multi_deploy_agent_stage,running,5.0,0,100.0,stage
2026-02-14T17:31:04.156944,multi_deploy_agent_stage,running,5.0,0,100.0,stage
2026-02-14T17:31:07.175272,multi_deploy_agent_stage,running,5.0,0,100.0,stage
2026-02-14T17:31:08.023178,multi_deploy_agent_stage,running,5.0,0,100.0,stage
2026-02-14T17:31:08.113574,multi_deploy_agent_stage,running,5.0,0,100.0,stage
2026-02-14T17:31:09.159730,multi_deploy_agent_stage,running,5.0,0,100.0,stage
2026-02-14T17:31:12.176897,multi_deploy_agent_stage,running,5.0,0,100.0,stage
2026-02-14T17:31:13.024556,multi_deploy_agent_stage,running,5.0,0,100.0,stage
2026-02-14T17:31:13.115098,multi_deploy_agent_stage,running,5.0,0,100.0,stage
2026-02-14T17:31:14.161097,multi_deploy_agent_stage,running,5.0,0,100.0,stage
2026-02-14T17:31:17.180015,multi_deploy_agent_stage,running,5.0,0,100.0,stage
2026-02-14T17:31:18.026162,multi_deploy_agent_stage,running,5.0,0,100.0,stage
2026-02-14T17:31:18.116884,multi_deploy_agent_stage,running,5.0,0,100.0,stage
2026-02-14T17:31:19.163220,multi_deploy_agent_stage,running,5.0,0,100.0,stage
2026-02-14T17:31:22.181795,multi_deploy_agent_stage,running,5.0,0,100.0,stage
2026-02-14T17:31:23.028026,multi_deploy_agent_stage,running,5.0,0,100.0,stage
2026-02-14T17:31:23.119037,multi_deploy_agent_stage,running,5.0,0,100.0,stage
2026-02-14T17:31:24.165504,multi_deploy_agent_stage,running,5.0,0,100.0,stage
2026-02-14T17:31:27.184436,multi_deploy_agent_stage,running,5.0,0,100.0,stage
2026-02-14T17:31:28.029773,multi_deploy_agent_stage,running,5.0,0,100.0,stage
2026-02-14T17:31:28.120950,multi_deploy_agent_stage,running,5.0,0,100.0,stage
2026-02-14T17:31:29.166716,multi_deploy_agent_stage,running,5.0,0,100.0,stage
2026-02-14T17:31:32.187137,multi_deploy_agent_stage,running,5.0,0,100.0,stage
2026-02-14T17:31:33.031534,multi_deploy_agent_stage,running,5.0,0,100.0,stage
2026-02-14T17:31:33.122481,multi_deploy_agent_stage,running,5.0,0,100.0,stage
2026-02-14T17:31:34.168499,multi_deploy_agent_stage,running,5.0,0,100.0,stage
2026-02-14T17:31:37.189882,multi_deploy_agent_stage,running,5.0,0,100.0,stage
2026-02-14T17:31:38.033176,multi_deploy_agent_stage,running,5.0,0,100.0,stage
2026-02-14T17:31:38.125324,multi_deploy_agent_stage,running,5.0,0,100.0,stage
2026-02-14T17:31:39.169711,multi_deploy_agent_stage,running,5.0,0,100.0,stage
2026-02-14T17:31:42.191601,multi_deploy_agent_stage,running,5.0,0,100.0,stage
2026-02-14T17:31:43.035811,multi_deploy_agent_stage,running,5.0,0,100.0,stage
2026-02-14T17:31:43.126716,multi_deploy_agent_stage,running,5.0,0,100.0,stage
2026-02-14T17:31:44.171658,multi_deploy_agent_stage,running,5.0,0,100.0,stage
2026-02-14T17:31:47.193504,multi_deploy_agent_stage,running,5.0,0,100.0,stage
2026-02-14T17:31:48.037738,multi_deploy_agent_stage,running,5.0,0,100.0,stage
2026-02-14T17:31:48.129759,multi_deploy_agent_stage,running,5.0,0,100.0,stage
2026-02-14T17:31:49.174057,multi_deploy_agent_stage,running,5.0,0,100.0,stage
2026-02-14T17:31:52.195503,multi_deploy_agent_stage,running,5.0,0,100.0,stage
2026-02-14T17:31:53.039528,multi_deploy_agent_stage,running,5.0,0,100.0,stage
2026-02-14T17:31:53.133232,multi_deploy_agent_stage,running,5.0,0,100.0,stage
2026-02-14T17:31:54.176895,multi_deploy_agent_stage,running,5.0,0,100.0,stage
2026-02-14T17:31:57.197370,multi_deploy_agent_stage,running,5.0,0,100.0,stage
2026-02-14T17:31:59.179437,multi_deploy_agent_stage,running,5.0,0,100.0,stage
